"TOA5","ARGO_CR1000X","CR1000X","58619","CR1000X.Std.07.01","CPU:Tempstring_code_ced_black.CR1X","65427","tempprofile"
"TIMESTAMP","RECORD","Batt_volt_Min","PTemp","TempData(1)","TempData(2)","TempData(3)","TempData(4)","TempData(5)","TempData(6)","TempData(7)","TempData(8)","TempData(9)","TempData(10)","TempData(11)","TempData(12)","TempData(13)","TempData(14)","tempstring"
"TS","RN","","","","","","","","","","","","","","","","",""
"","","Min","Smp","Smp","Smp","Smp","Smp","Smp","Smp","Smp","Smp","Smp","Smp","Smp","Smp","Smp","Smp","Smp"
"2024-11-03 17:45:05",0,12.51,20.08,"NAN","NAN","NAN","NAN","NAN","NAN","NAN","NAN","NAN","NAN","NAN","NAN","NAN","NAN",""
"2024-11-03 17:46:05",1,12.51,20.07,"NAN","NAN","NAN","NAN","NAN","NAN","NAN","NAN","NAN","NAN","NAN","NAN","NAN","NAN",""
"2024-11-03 18:05:00",0,12.5,19.83,19.5,19.5,20.19,19.12,18.56,20,19.81,18.94,19.87,20.37,19.75,19.56,19.5,18.62,"19.50 19.50 20.19 19.12 18.56 20.00 19.81 18.94 19.87 20.37 19.75 19.56 19.50 18.62   "
"2024-11-03 18:06:00",1,12.5,19.82,19.5,19.5,20.19,19.06,18.5,20,19.81,18.94,19.87,20.37,19.75,19.56,19.5,18.56,"19.50 19.50 20.19 19.06 18.50 20.00 19.81 18.94 19.87 20.37 19.75 19.56 19.50 18.56   "
"2024-11-03 18:07:00",2,12.5,19.82,19.5,19.5,20.19,19.12,18.5,20,19.81,18.94,19.87,20.37,19.69,19.56,19.5,18.62,"19.50 19.50 20.19 19.12 18.50 20.00 19.81 18.94 19.87 20.37 19.69 19.56 19.50 18.62   "
"2024-11-03 18:52:00",3,12.52,18.99,18.5,19,18.56,18.69,18.06,18.62,18.37,18.56,18.56,18.94,18.75,18.5,19,18.19,"18.50 19.00 18.56 18.69 18.06 18.62 18.37 18.56 18.56 18.94 18.75 18.50 19.00 18.19   "
"2024-11-03 18:53:00",4,12.52,19,18.5,19,18.69,18.81,18.25,18.69,18.5,18.62,18.69,19.19,18.75,18.5,19,18.31,"18.50 19.00 18.69 18.81 18.25 18.69 18.50 18.62 18.69 19.19 18.75 18.50 19.00 18.31   "
"2024-11-05 14:45:00",0,12.49,19.95,23.94,20.12,20.5,23.94,20.25,20,20,20.31,20.31,19.94,20.19,20.25,20.31,20.62,"23.94 20.12 20.50 23.94 20.25 20.00 20.00 20.31 20.31 19.94 20.19 20.25 20.31 20.62   "
"2024-11-05 14:46:00",1,12.49,19.96,24.5,22.5,20.5,24.5,20.19,20,20,20.31,20.31,19.94,20.19,20.19,20.37,20.62,"24.50 22.50 20.50 24.50 20.19 20.00 20.00 20.31 20.31 19.94 20.19 20.19 20.37 20.62   "
"2024-11-05 14:47:00",2,0,20.17,"NAN","NAN","NAN","NAN","NAN","NAN","NAN","NAN","NAN","NAN","NAN","NAN","NAN","NAN",""
"2024-11-05 14:48:00",3,0,20.51,"NAN","NAN","NAN","NAN","NAN","NAN","NAN","NAN","NAN","NAN","NAN","NAN","NAN","NAN",""
"2024-11-05 14:49:00",4,0,20.5,"NAN","NAN","NAN","NAN","NAN","NAN","NAN","NAN","NAN","NAN","NAN","NAN","NAN","NAN",""
"2024-11-05 14:50:00",5,0,20.42,"NAN","NAN","NAN","NAN","NAN","NAN","NAN","NAN","NAN","NAN","NAN","NAN","NAN","NAN",""
"2024-11-05 14:51:00",6,0,20.35,"NAN","NAN","NAN","NAN","NAN","NAN","NAN","NAN","NAN","NAN","NAN","NAN","NAN","NAN",""
"2024-11-05 14:52:00",7,0,20.28,"NAN","NAN","NAN","NAN","NAN","NAN","NAN","NAN","NAN","NAN","NAN","NAN","NAN","NAN",""
"2024-11-05 14:53:00",8,0,20.23,"NAN","NAN","NAN","NAN","NAN","NAN","NAN","NAN","NAN","NAN","NAN","NAN","NAN","NAN",""
"2024-11-05 14:54:00",9,0,20.19,"NAN","NAN","NAN","NAN","NAN","NAN","NAN","NAN","NAN","NAN","NAN","NAN","NAN","NAN",""
"2024-11-05 14:55:00",10,0,20.15,"NAN","NAN","NAN","NAN","NAN","NAN","NAN","NAN","NAN","NAN","NAN","NAN","NAN","NAN",""
"2024-11-05 14:56:00",11,0,20.11,"NAN","NAN","NAN","NAN","NAN","NAN","NAN","NAN","NAN","NAN","NAN","NAN","NAN","NAN",""
"2024-11-05 14:57:00",12,0,20.08,"NAN","NAN","NAN","NAN","NAN","NAN","NAN","NAN","NAN","NAN","NAN","NAN","NAN","NAN",""
"2024-11-05 14:58:00",13,0,20.06,"NAN","NAN","NAN","NAN","NAN","NAN","NAN","NAN","NAN","NAN","NAN","NAN","NAN","NAN",""
"2024-11-05 14:59:00",14,0,20.04,"NAN","NAN","NAN","NAN","NAN","NAN","NAN","NAN","NAN","NAN","NAN","NAN","NAN","NAN",""
"2024-11-05 15:00:00",15,0,20.02,"NAN","NAN","NAN","NAN","NAN","NAN","NAN","NAN","NAN","NAN","NAN","NAN","NAN","NAN",""
"2024-11-05 15:01:00",16,0,20,"NAN","NAN","NAN","NAN","NAN","NAN","NAN","NAN","NAN","NAN","NAN","NAN","NAN","NAN",""
"2024-11-05 15:02:00",17,0,19.99,"NAN","NAN","NAN","NAN","NAN","NAN","NAN","NAN","NAN","NAN","NAN","NAN","NAN","NAN",""
"2024-11-05 15:03:00",18,0,19.97,"NAN","NAN","NAN","NAN","NAN","NAN","NAN","NAN","NAN","NAN","NAN","NAN","NAN","NAN",""
"2024-11-05 15:04:00",19,0,19.96,"NAN","NAN","NAN","NAN","NAN","NAN","NAN","NAN","NAN","NAN","NAN","NAN","NAN","NAN",""
"2024-11-05 15:05:00",20,0,19.94,"NAN","NAN","NAN","NAN","NAN","NAN","NAN","NAN","NAN","NAN","NAN","NAN","NAN","NAN",""
"2024-11-05 15:06:00",21,0,19.93,"NAN","NAN","NAN","NAN","NAN","NAN","NAN","NAN","NAN","NAN","NAN","NAN","NAN","NAN",""
"2024-11-05 15:07:00",22,0,19.92,"NAN","NAN","NAN","NAN","NAN","NAN","NAN","NAN","NAN","NAN","NAN","NAN","NAN","NAN",""
"2024-11-05 15:08:00",23,0,19.92,"NAN","NAN","NAN","NAN","NAN","NAN","NAN","NAN","NAN","NAN","NAN","NAN","NAN","NAN",""
"2024-11-05 15:09:00",24,0,19.91,"NAN","NAN","NAN","NAN","NAN","NAN","NAN","NAN","NAN","NAN","NAN","NAN","NAN","NAN",""
"2024-11-05 15:10:00",25,0,19.91,"NAN","NAN","NAN","NAN","NAN","NAN","NAN","NAN","NAN","NAN","NAN","NAN","NAN","NAN",""
"2024-11-05 15:11:00",26,0,19.91,"NAN","NAN","NAN","NAN","NAN","NAN","NAN","NAN","NAN","NAN","NAN","NAN","NAN","NAN",""
"2024-11-05 15:12:00",27,0,19.92,"NAN","NAN","NAN","NAN","NAN","NAN","NAN","NAN","NAN","NAN","NAN","NAN","NAN","NAN",""
"2024-11-05 15:13:00",28,0,19.92,"NAN","NAN","NAN","NAN","NAN","NAN","NAN","NAN","NAN","NAN","NAN","NAN","NAN","NAN",""
"2024-11-05 15:14:00",29,0,19.92,"NAN","NAN","NAN","NAN","NAN","NAN","NAN","NAN","NAN","NAN","NAN","NAN","NAN","NAN",""
"2024-11-05 15:15:00",30,0,19.92,"NAN","NAN","NAN","NAN","NAN","NAN","NAN","NAN","NAN","NAN","NAN","NAN","NAN","NAN",""
"2024-11-05 15:16:00",31,0,19.92,"NAN","NAN","NAN","NAN","NAN","NAN","NAN","NAN","NAN","NAN","NAN","NAN","NAN","NAN",""
"2024-11-05 15:17:00",32,0,19.93,"NAN","NAN","NAN","NAN","NAN","NAN","NAN","NAN","NAN","NAN","NAN","NAN","NAN","NAN",""
"2024-11-05 15:18:00",33,0,19.93,"NAN","NAN","NAN","NAN","NAN","NAN","NAN","NAN","NAN","NAN","NAN","NAN","NAN","NAN",""
"2024-11-05 15:19:00",34,0,19.93,"NAN","NAN","NAN","NAN","NAN","NAN","NAN","NAN","NAN","NAN","NAN","NAN","NAN","NAN",""
"2024-11-05 15:20:00",35,0,19.93,"NAN","NAN","NAN","NAN","NAN","NAN","NAN","NAN","NAN","NAN","NAN","NAN","NAN","NAN",""
"2024-11-05 15:21:00",36,0,19.93,"NAN","NAN","NAN","NAN","NAN","NAN","NAN","NAN","NAN","NAN","NAN","NAN","NAN","NAN",""
"2024-11-05 15:22:00",37,0,19.94,"NAN","NAN","NAN","NAN","NAN","NAN","NAN","NAN","NAN","NAN","NAN","NAN","NAN","NAN",""
"2024-11-05 15:23:00",38,0,19.94,"NAN","NAN","NAN","NAN","NAN","NAN","NAN","NAN","NAN","NAN","NAN","NAN","NAN","NAN",""
"2024-11-05 15:24:00",39,0,19.94,"NAN","NAN","NAN","NAN","NAN","NAN","NAN","NAN","NAN","NAN","NAN","NAN","NAN","NAN",""
"2024-11-05 15:25:00",40,0,19.95,"NAN","NAN","NAN","NAN","NAN","NAN","NAN","NAN","NAN","NAN","NAN","NAN","NAN","NAN",""
"2024-11-05 15:26:00",41,0,19.95,"NAN","NAN","NAN","NAN","NAN","NAN","NAN","NAN","NAN","NAN","NAN","NAN","NAN","NAN",""
"2024-11-05 15:27:00",42,0,19.96,"NAN","NAN","NAN","NAN","NAN","NAN","NAN","NAN","NAN","NAN","NAN","NAN","NAN","NAN",""
"2024-11-05 15:28:00",43,0,19.96,"NAN","NAN","NAN","NAN","NAN","NAN","NAN","NAN","NAN","NAN","NAN","NAN","NAN","NAN",""
"2024-11-05 15:29:00",44,0,19.96,"NAN","NAN","NAN","NAN","NAN","NAN","NAN","NAN","NAN","NAN","NAN","NAN","NAN","NAN",""
"2024-11-05 15:30:00",45,0,19.96,"NAN","NAN","NAN","NAN","NAN","NAN","NAN","NAN","NAN","NAN","NAN","NAN","NAN","NAN",""
"2024-11-05 15:31:00",46,0,19.95,"NAN","NAN","NAN","NAN","NAN","NAN","NAN","NAN","NAN","NAN","NAN","NAN","NAN","NAN",""
"2024-11-05 15:32:00",47,0,19.95,"NAN","NAN","NAN","NAN","NAN","NAN","NAN","NAN","NAN","NAN","NAN","NAN","NAN","NAN",""
"2024-11-05 15:33:00",48,0,19.94,"NAN","NAN","NAN","NAN","NAN","NAN","NAN","NAN","NAN","NAN","NAN","NAN","NAN","NAN",""
"2024-11-05 15:34:00",49,0,19.93,"NAN","NAN","NAN","NAN","NAN","NAN","NAN","NAN","NAN","NAN","NAN","NAN","NAN","NAN",""
"2024-11-05 15:35:00",50,0,19.92,"NAN","NAN","NAN","NAN","NAN","NAN","NAN","NAN","NAN","NAN","NAN","NAN","NAN","NAN",""
"2024-11-05 15:36:00",51,0,19.91,"NAN","NAN","NAN","NAN","NAN","NAN","NAN","NAN","NAN","NAN","NAN","NAN","NAN","NAN",""
"2024-11-05 15:37:00",52,0,19.91,"NAN","NAN","NAN","NAN","NAN","NAN","NAN","NAN","NAN","NAN","NAN","NAN","NAN","NAN",""
"2024-11-05 15:38:00",53,0,19.9,"NAN","NAN","NAN","NAN","NAN","NAN","NAN","NAN","NAN","NAN","NAN","NAN","NAN","NAN",""
"2024-11-05 15:39:00",54,0,19.9,"NAN","NAN","NAN","NAN","NAN","NAN","NAN","NAN","NAN","NAN","NAN","NAN","NAN","NAN",""
"2024-11-05 15:40:00",55,0,19.89,"NAN","NAN","NAN","NAN","NAN","NAN","NAN","NAN","NAN","NAN","NAN","NAN","NAN","NAN",""
"2024-11-05 15:41:00",56,0,19.89,"NAN","NAN","NAN","NAN","NAN","NAN","NAN","NAN","NAN","NAN","NAN","NAN","NAN","NAN",""
"2024-11-05 15:42:00",57,0,19.89,"NAN","NAN","NAN","NAN","NAN","NAN","NAN","NAN","NAN","NAN","NAN","NAN","NAN","NAN",""
"2024-11-05 15:43:00",58,0,19.88,"NAN","NAN","NAN","NAN","NAN","NAN","NAN","NAN","NAN","NAN","NAN","NAN","NAN","NAN",""
"2024-11-05 15:44:00",59,0,19.89,"NAN","NAN","NAN","NAN","NAN","NAN","NAN","NAN","NAN","NAN","NAN","NAN","NAN","NAN",""
"2024-11-05 15:45:00",60,0,19.9,"NAN","NAN","NAN","NAN","NAN","NAN","NAN","NAN","NAN","NAN","NAN","NAN","NAN","NAN",""
"2024-11-05 15:46:00",61,0,19.91,"NAN","NAN","NAN","NAN","NAN","NAN","NAN","NAN","NAN","NAN","NAN","NAN","NAN","NAN",""
"2024-11-05 15:47:00",62,0,19.92,"NAN","NAN","NAN","NAN","NAN","NAN","NAN","NAN","NAN","NAN","NAN","NAN","NAN","NAN",""
"2024-11-05 15:48:00",63,0,19.93,"NAN","NAN","NAN","NAN","NAN","NAN","NAN","NAN","NAN","NAN","NAN","NAN","NAN","NAN",""
"2024-11-05 15:49:00",64,12.52,19.94,14.75,16.06,15.5,14.75,15.88,14.5,13.5,15.25,15.06,15.13,12.5,14,15.38,13.69,"14.75 16.06 15.50 14.75 15.88 14.50 13.50 15.25 15.06 15.13 12.50 14.00 15.38 13.69   "
"2024-11-05 15:50:00",65,12.51,19.95,10.25,11.63,11.5,10.25,11.75,10,9.5,11.38,10.94,11.38,8.69,10,11.44,10.19,"10.25 11.63 11.50 10.25 11.75 10.00 9.50 11.38 10.94 11.38 8.69 10.00 11.44 10.19   "
"2024-11-05 15:51:00",66,12.51,19.97,7.31,8.75,8.5,7.31,8.94,7.5,7,8.75,8.31,8.88,6.63,7.75,8.81,7.94,"7.31 8.75 8.50 7.31 8.94 7.50 7.00 8.75 8.31 8.88 6.63 7.75 8.81 7.94   "
"2024-11-05 15:52:00",67,12.51,19.98,4.94,6.88,6,4.94,6.69,5.5,6,7,6,6.88,5.06,6.56,6.88,6.5,"4.94 6.88 6.00 4.94 6.69 5.50 6.00 7.00 6.00 6.88 5.06 6.56 6.88 6.50   "
"2024-11-05 15:53:00",68,12.51,20,3.81,5.75,4.5,3.81,5.31,4,5,5.81,4.75,5.56,3.69,5.81,5.5,5.63,"3.81 5.75 4.50 3.81 5.31 4.00 5.00 5.81 4.75 5.56 3.69 5.81 5.50 5.63   "
"2024-11-05 15:54:00",69,12.51,20.01,3.63,4.88,3,3.63,4.31,3,4.5,4.75,3.75,4.63,2.38,5.19,4.44,4.75,"3.63 4.88 3.00 3.63 4.31 3.00 4.50 4.75 3.75 4.63 2.38 5.19 4.44 4.75   "
"2024-11-05 15:55:00",70,12.51,20.02,3.31,4.31,2,3.31,3.75,2,4,4.19,2.94,4,1.63,4.88,3.63,4.25,"3.31 4.31 2.00 3.31 3.75 2.00 4.00 4.19 2.94 4.00 1.63 4.88 3.63 4.25   "
"2024-11-05 15:56:00",71,12.5,20.03,2.94,4,1.5,2.94,3.25,1.5,4,3.88,2.38,3.56,1.12,4.75,2.94,3.94,"2.94 4.00 1.50 2.94 3.25 1.50 4.00 3.88 2.38 3.56 1.12 4.75 2.94 3.94   "
"2024-11-05 15:57:00",72,12.5,20.03,2.75,3.44,1,2.75,2.63,1,3.5,3.31,1.81,2.94,0.94,4.5,2.56,3.5,"2.75 3.44 1.00 2.75 2.63 1.00 3.50 3.31 1.81 2.94 0.94 4.50 2.56 3.50   "
"2024-11-05 15:58:00",73,12.5,20.03,2.5,2.81,1,2.5,2.25,1,3,2.81,1.63,2.38,0.75,4.13,2.31,3.19,"2.50 2.81 1.00 2.50 2.25 1.00 3.00 2.81 1.63 2.38 0.75 4.13 2.31 3.19   "
"2024-11-05 15:59:00",74,12.5,20.03,2.38,2.5,0.5,2.38,2,0.5,3,2.5,1.5,2,0.63,4,2.13,3.06,"2.38 2.50 0.50 2.38 2.00 0.50 3.00 2.50 1.50 2.00 0.63 4.00 2.13 3.06   "
"2024-11-05 16:00:00",75,12.5,20.02,2.25,2.38,0.5,2.25,1.88,0.5,2.5,2.38,1.44,1.69,0.56,3.94,1.94,3,"2.25 2.38 0.50 2.25 1.88 0.50 2.50 2.38 1.44 1.69 0.56 3.94 1.94 3.00   "
"2024-11-05 16:01:00",76,12.5,20.01,2.19,2.19,0.5,2.19,1.75,0.5,2.5,2.31,1.44,1.5,0.5,4,1.75,2.94,"2.19 2.19 0.50 2.19 1.75 0.50 2.50 2.31 1.44 1.50 0.50 4.00 1.75 2.94   "
"2024-11-05 16:02:00",77,12.5,20,2.13,2.13,0.5,2.13,1.75,0.5,2.5,2.31,1.37,1.37,0.44,4,1.63,2.94,"2.13 2.13 0.50 2.13 1.75 0.50 2.50 2.31 1.37 1.37 0.44 4.00 1.63 2.94   "
"2024-11-05 16:03:00",78,12.5,19.99,2.13,2.13,0.5,2.13,1.69,0.5,2.5,2.25,1.31,1.31,0.44,4,1.44,3,"2.13 2.13 0.50 2.13 1.69 0.50 2.50 2.25 1.31 1.31 0.44 4.00 1.44 3.00   "
"2024-11-05 16:04:00",79,12.5,19.98,2.13,2.13,0.5,2.13,1.69,0.5,2.5,2.31,1.25,1.25,0.44,4,1.37,3,"2.13 2.13 0.50 2.13 1.69 0.50 2.50 2.31 1.25 1.25 0.44 4.00 1.37 3.00   "
"2024-11-05 16:05:00",80,12.5,19.97,2.06,2.13,0.5,2.06,1.63,0.5,2.5,2.25,1.19,1.19,0.37,4.06,1.25,3,"2.06 2.13 0.50 2.06 1.63 0.50 2.50 2.25 1.19 1.19 0.37 4.06 1.25 3.00   "
"2024-11-05 16:06:00",81,12.5,19.95,2.06,2.13,0.5,2.06,1.63,0,2.5,2.31,1.19,1.19,0.37,4.13,1.19,3.06,"2.06 2.13 0.50 2.06 1.63 0.00 2.50 2.31 1.19 1.19 0.37 4.13 1.19 3.06   "
"2024-11-05 16:07:00",82,12.5,19.92,2.06,2.13,0.5,2.06,1.63,0,2.5,2.31,1.19,1.19,0.31,4.13,1.12,3.06,"2.06 2.13 0.50 2.06 1.63 0.00 2.50 2.31 1.19 1.19 0.31 4.13 1.12 3.06   "
"2024-11-05 16:08:00",83,12.49,19.9,2.06,2.13,0.5,2.06,1.63,0,2.5,2.25,1.19,1.25,0.31,4.19,1.06,3.13,"2.06 2.13 0.50 2.06 1.63 0.00 2.50 2.25 1.19 1.25 0.31 4.19 1.06 3.13   "
"2024-11-05 16:09:00",84,12.49,19.87,2.06,2.13,0.5,2.06,1.63,0,2.5,2.31,1.12,1.19,0.31,4.25,1,3.19,"2.06 2.13 0.50 2.06 1.63 0.00 2.50 2.31 1.12 1.19 0.31 4.25 1.00 3.19   "
"2024-11-05 16:10:00",85,12.49,19.85,2.06,2.19,0.5,2.06,1.63,0,2.5,2.31,1.12,1.25,0.31,4.25,1,3.19,"2.06 2.19 0.50 2.06 1.63 0.00 2.50 2.31 1.12 1.25 0.31 4.25 1.00 3.19   "
"2024-11-05 16:11:00",86,12.49,19.82,2.06,2.19,0.5,2.06,1.63,0,2.5,2.31,1.12,1.25,0.31,4.31,0.94,3.25,"2.06 2.19 0.50 2.06 1.63 0.00 2.50 2.31 1.12 1.25 0.31 4.31 0.94 3.25   "
"2024-11-05 16:12:00",87,12.49,19.8,2.13,2.19,0.5,2.13,1.63,0,2.5,2.31,1.12,1.25,0.31,4.38,0.94,3.31,"2.13 2.19 0.50 2.13 1.63 0.00 2.50 2.31 1.12 1.25 0.31 4.38 0.94 3.31   "
"2024-11-05 16:13:00",88,12.49,19.77,2.13,2.19,0.5,2.13,1.69,0,2.5,2.31,1.12,1.31,0.31,4.38,0.94,3.38,"2.13 2.19 0.50 2.13 1.69 0.00 2.50 2.31 1.12 1.31 0.31 4.38 0.94 3.38   "
"2024-11-05 16:14:00",89,12.49,19.75,2.13,2.19,0.5,2.13,1.69,0,2.5,2.38,1.12,1.31,0.31,4.44,0.94,3.44,"2.13 2.19 0.50 2.13 1.69 0.00 2.50 2.38 1.12 1.31 0.31 4.44 0.94 3.44   "
"2024-11-05 16:15:00",90,12.49,19.72,2.13,2.25,0.5,2.13,1.75,0,2.5,2.38,1.12,1.31,0.31,4.44,0.94,3.56,"2.13 2.25 0.50 2.13 1.75 0.00 2.50 2.38 1.12 1.31 0.31 4.44 0.94 3.56   "
"2024-11-05 16:16:00",91,12.49,19.7,2.19,2.25,0.5,2.19,1.75,0,2.5,2.38,1.12,1.31,0.31,4.5,0.94,3.56,"2.19 2.25 0.50 2.19 1.75 0.00 2.50 2.38 1.12 1.31 0.31 4.50 0.94 3.56   "
"2024-11-05 16:17:00",92,12.49,19.67,2.19,2.25,0.5,2.19,1.75,0,2.5,2.44,1.12,1.31,0.31,4.5,0.94,3.63,"2.19 2.25 0.50 2.19 1.75 0.00 2.50 2.44 1.12 1.31 0.31 4.50 0.94 3.63   "
"2024-11-05 16:18:00",93,12.49,19.65,2.25,2.31,0.5,2.25,1.81,0,2.5,2.44,1.19,1.31,0.31,4.5,0.94,3.69,"2.25 2.31 0.50 2.25 1.81 0.00 2.50 2.44 1.19 1.31 0.31 4.50 0.94 3.69   "
"2024-11-05 16:19:00",94,12.49,19.63,2.25,2.31,0.5,2.25,1.81,0,2.5,2.5,1.12,1.31,0.31,4.56,0.94,3.75,"2.25 2.31 0.50 2.25 1.81 0.00 2.50 2.50 1.12 1.31 0.31 4.56 0.94 3.75   "
"2024-11-05 16:20:00",95,12.49,19.61,2.25,2.31,0.5,2.25,1.81,0,2.5,2.5,1.12,1.37,0.31,4.56,1,3.75,"2.25 2.31 0.50 2.25 1.81 0.00 2.50 2.50 1.12 1.37 0.31 4.56 1.00 3.75   "
"2024-11-05 16:21:00",96,12.49,19.6,2.31,2.38,0.5,2.31,1.88,0,3,2.56,1.19,1.37,0.31,4.56,0.94,3.81,"2.31 2.38 0.50 2.31 1.88 0.00 3.00 2.56 1.19 1.37 0.31 4.56 0.94 3.81   "
"2024-11-05 16:22:00",97,12.49,19.59,2.38,2.38,0.5,2.38,1.94,0,3,2.56,1.19,1.44,0.31,4.63,1,3.81,"2.38 2.38 0.50 2.38 1.94 0.00 3.00 2.56 1.19 1.44 0.31 4.63 1.00 3.81   "
"2024-11-05 16:23:00",98,12.49,19.59,2.38,2.38,0.5,2.38,2,0,3,2.63,1.19,1.44,0.31,4.63,1,3.88,"2.38 2.38 0.50 2.38 2.00 0.00 3.00 2.63 1.19 1.44 0.31 4.63 1.00 3.88   "
"2024-11-05 16:24:00",99,12.49,19.59,2.44,2.44,0.5,2.44,2,0.5,3,2.63,1.19,1.5,0.31,4.63,1,3.88,"2.44 2.44 0.50 2.44 2.00 0.50 3.00 2.63 1.19 1.50 0.31 4.63 1.00 3.88   "
"2024-11-05 16:25:00",100,12.49,19.59,2.5,2.44,0.5,2.5,2.06,0.5,3,2.69,1.19,1.5,0.31,4.63,1.06,3.88,"2.50 2.44 0.50 2.50 2.06 0.50 3.00 2.69 1.19 1.50 0.31 4.63 1.06 3.88   "
"2024-11-05 16:26:00",101,12.49,19.59,2.5,2.5,0.5,2.5,2.06,0.5,3,2.75,1.19,1.56,0.31,4.63,1.06,3.94,"2.50 2.50 0.50 2.50 2.06 0.50 3.00 2.75 1.19 1.56 0.31 4.63 1.06 3.94   "
"2024-11-05 16:27:00",102,12.49,19.59,2.56,2.5,0.5,2.56,2.13,0.5,3,2.81,1.19,1.63,0.31,4.69,1.06,3.94,"2.56 2.50 0.50 2.56 2.13 0.50 3.00 2.81 1.19 1.63 0.31 4.69 1.06 3.94   "
"2024-11-05 16:28:00",103,12.49,19.59,2.56,2.56,0.5,2.56,2.19,0.5,3,2.88,1.19,1.69,0.31,4.69,1.06,4,"2.56 2.56 0.50 2.56 2.19 0.50 3.00 2.88 1.19 1.69 0.31 4.69 1.06 4.00   "
"2024-11-05 16:29:00",104,12.49,19.59,2.63,2.56,0.5,2.63,2.25,0.5,3,2.94,1.19,1.69,0.31,4.69,1.12,4,"2.63 2.56 0.50 2.63 2.25 0.50 3.00 2.94 1.19 1.69 0.31 4.69 1.12 4.00   "
"2024-11-05 16:30:00",105,12.49,19.59,2.63,2.56,0.5,2.63,2.25,0.5,3,3.06,1.19,1.75,0.31,4.69,1.12,4.06,"2.63 2.56 0.50 2.63 2.25 0.50 3.00 3.06 1.19 1.75 0.31 4.69 1.12 4.06   "
"2024-11-05 16:31:00",106,12.49,19.6,2.69,2.63,0.5,2.69,2.31,0.5,3.5,3.06,1.25,1.81,0.31,4.69,1.12,4.13,"2.69 2.63 0.50 2.69 2.31 0.50 3.50 3.06 1.25 1.81 0.31 4.69 1.12 4.13   "
"2024-11-05 16:32:00",107,12.49,19.6,2.69,2.69,0.5,2.69,2.38,0.5,3.5,3.13,1.19,1.88,0.31,4.75,1.19,4.13,"2.69 2.69 0.50 2.69 2.38 0.50 3.50 3.13 1.19 1.88 0.31 4.75 1.19 4.13   "
"2024-11-05 16:33:00",108,12.49,19.6,2.75,2.69,0.5,2.75,2.44,0.5,3.5,3.19,1.25,1.88,0.31,4.75,1.19,4.19,"2.75 2.69 0.50 2.75 2.44 0.50 3.50 3.19 1.25 1.88 0.31 4.75 1.19 4.19   "
"2024-11-05 16:34:00",109,12.49,19.6,2.75,2.75,0.5,2.75,2.5,0.5,3.5,3.25,1.25,1.94,0.37,4.75,1.19,4.25,"2.75 2.75 0.50 2.75 2.50 0.50 3.50 3.25 1.25 1.94 0.37 4.75 1.19 4.25   "
"2024-11-05 16:35:00",110,12.49,19.6,2.81,2.75,0.5,2.81,2.5,0.5,3.5,3.31,1.25,2,0.37,4.75,1.25,4.25,"2.81 2.75 0.50 2.81 2.50 0.50 3.50 3.31 1.25 2.00 0.37 4.75 1.25 4.25   "
"2024-11-05 16:36:00",111,12.49,19.61,2.88,2.81,0.5,2.88,2.56,0.5,3.5,3.38,1.25,2,0.37,4.75,1.25,4.31,"2.88 2.81 0.50 2.88 2.56 0.50 3.50 3.38 1.25 2.00 0.37 4.75 1.25 4.31   "
"2024-11-05 16:37:00",112,12.49,19.61,2.88,2.81,0.5,2.88,2.63,0.5,3.5,3.44,1.25,2.06,0.37,4.75,1.31,4.31,"2.88 2.81 0.50 2.88 2.63 0.50 3.50 3.44 1.25 2.06 0.37 4.75 1.31 4.31   "
"2024-11-05 16:38:00",113,12.49,19.61,2.94,2.88,0.5,2.94,2.69,0.5,3.5,3.44,1.25,2.06,0.37,4.75,1.31,4.38,"2.94 2.88 0.50 2.94 2.69 0.50 3.50 3.44 1.25 2.06 0.37 4.75 1.31 4.38   "
"2024-11-05 16:39:00",114,12.49,19.61,3,2.94,0.5,3,2.75,0.5,3.5,3.5,1.25,2.13,0.37,4.75,1.31,4.44,"3.00 2.94 0.50 3.00 2.75 0.50 3.50 3.50 1.25 2.13 0.37 4.75 1.31 4.44   "
"2024-11-05 16:40:00",115,12.49,19.61,3.06,2.94,0.5,3.06,2.81,0.5,3.5,3.5,1.25,2.19,0.37,4.75,1.37,4.44,"3.06 2.94 0.50 3.06 2.81 0.50 3.50 3.50 1.25 2.19 0.37 4.75 1.37 4.44   "
"2024-11-05 16:41:00",116,12.48,19.61,3.13,3,0.5,3.13,2.88,0.5,4,3.5,1.31,2.19,0.37,4.81,1.37,4.5,"3.13 3.00 0.50 3.13 2.88 0.50 4.00 3.50 1.31 2.19 0.37 4.81 1.37 4.50   "
"2024-11-05 16:42:00",117,12.49,19.61,3.13,3,0.5,3.13,2.94,0.5,4,3.56,1.25,2.25,0.37,4.81,1.44,4.5,"3.13 3.00 0.50 3.13 2.94 0.50 4.00 3.56 1.25 2.25 0.37 4.81 1.44 4.50   "
"2024-11-05 16:43:00",118,12.48,19.6,3.19,3.06,0.5,3.19,3,0.5,4,3.56,1.31,2.31,0.37,4.75,1.44,4.5,"3.19 3.06 0.50 3.19 3.00 0.50 4.00 3.56 1.31 2.31 0.37 4.75 1.44 4.50   "
"2024-11-05 16:44:00",119,12.48,19.59,3.25,3.06,0.5,3.25,3.06,0.5,4,3.56,1.31,2.38,0.44,4.75,1.5,4.5,"3.25 3.06 0.50 3.25 3.06 0.50 4.00 3.56 1.31 2.38 0.44 4.75 1.50 4.50   "
"2024-11-05 16:45:00",120,12.48,19.58,3.31,3.06,0.5,3.31,3.13,0.5,4,3.56,1.31,2.38,0.44,4.75,1.5,4.56,"3.31 3.06 0.50 3.31 3.13 0.50 4.00 3.56 1.31 2.38 0.44 4.75 1.50 4.56   "
"2024-11-05 16:46:00",121,12.48,19.56,3.31,3.13,0.5,3.31,3.19,0.5,4,3.56,1.31,2.44,0.44,4.75,1.56,4.56,"3.31 3.13 0.50 3.31 3.19 0.50 4.00 3.56 1.31 2.44 0.44 4.75 1.56 4.56   "
"2024-11-05 16:47:00",122,12.48,19.55,3.38,3.13,0.5,3.38,3.25,0.5,4,3.63,1.31,2.44,0.44,4.75,1.56,4.56,"3.38 3.13 0.50 3.38 3.25 0.50 4.00 3.63 1.31 2.44 0.44 4.75 1.56 4.56   "
"2024-11-05 16:48:00",123,12.48,19.53,3.44,3.19,0.5,3.44,3.38,0.5,4,3.63,1.31,2.5,0.44,4.75,1.63,4.63,"3.44 3.19 0.50 3.44 3.38 0.50 4.00 3.63 1.31 2.50 0.44 4.75 1.63 4.63   "
"2024-11-05 16:49:00",124,12.48,19.52,3.44,3.19,0.5,3.44,3.44,0.5,4,3.63,1.31,2.56,0.44,4.75,1.63,4.63,"3.44 3.19 0.50 3.44 3.44 0.50 4.00 3.63 1.31 2.56 0.44 4.75 1.63 4.63   "
"2024-11-05 16:50:00",125,12.48,19.5,3.5,3.25,0.5,3.5,3.56,0.5,4,3.69,1.31,2.63,0.44,4.81,1.63,4.63,"3.50 3.25 0.50 3.50 3.56 0.50 4.00 3.69 1.31 2.63 0.44 4.81 1.63 4.63   "
"2024-11-05 16:51:00",126,12.48,19.47,3.56,3.25,0.5,3.56,3.63,0.5,4,3.69,1.31,2.63,0.5,4.81,1.69,4.63,"3.56 3.25 0.50 3.56 3.63 0.50 4.00 3.69 1.31 2.63 0.50 4.81 1.69 4.63   "
"2024-11-05 16:52:00",127,12.48,19.45,3.63,3.25,0.5,3.63,3.75,0.5,4,3.75,1.37,2.69,0.5,4.81,1.75,4.63,"3.63 3.25 0.50 3.63 3.75 0.50 4.00 3.75 1.37 2.69 0.50 4.81 1.75 4.63   "
"2024-11-05 16:53:00",128,12.48,19.43,3.63,3.31,0.5,3.63,3.81,0.5,4,3.81,1.37,2.75,0.5,4.81,1.75,4.63,"3.63 3.31 0.50 3.63 3.81 0.50 4.00 3.81 1.37 2.75 0.50 4.81 1.75 4.63   "
"2024-11-05 16:54:00",129,12.48,19.41,3.69,3.38,0.5,3.69,3.88,0.5,4,3.88,1.37,2.81,0.5,4.81,1.75,4.63,"3.69 3.38 0.50 3.69 3.88 0.50 4.00 3.88 1.37 2.81 0.50 4.81 1.75 4.63   "
"2024-11-05 16:55:00",130,12.48,19.4,3.69,3.38,0.5,3.69,3.94,0.5,4.5,3.94,1.37,2.81,0.5,4.81,1.81,4.63,"3.69 3.38 0.50 3.69 3.94 0.50 4.50 3.94 1.37 2.81 0.50 4.81 1.81 4.63   "
"2024-11-05 16:56:00",131,12.48,19.38,3.69,3.38,0.5,3.69,4,0.5,4.5,3.94,1.37,2.88,0.56,4.81,1.81,4.69,"3.69 3.38 0.50 3.69 4.00 0.50 4.50 3.94 1.37 2.88 0.56 4.81 1.81 4.69   "
"2024-11-05 16:57:00",132,12.48,19.37,3.75,3.44,0.5,3.75,4.06,0.5,4.5,4,1.37,2.94,0.56,4.81,1.88,4.63,"3.75 3.44 0.50 3.75 4.06 0.50 4.50 4.00 1.37 2.94 0.56 4.81 1.88 4.63   "
"2024-11-05 16:58:00",133,12.48,19.36,3.75,3.44,0.5,3.75,4.13,0.5,4.5,4.06,1.37,2.94,0.5,4.81,1.88,4.63,"3.75 3.44 0.50 3.75 4.13 0.50 4.50 4.06 1.37 2.94 0.50 4.81 1.88 4.63   "
"2024-11-05 16:59:00",134,12.48,19.36,3.75,3.44,0.5,3.75,4.19,1,4.5,4.13,1.37,3,0.5,4.88,1.94,4.63,"3.75 3.44 0.50 3.75 4.19 1.00 4.50 4.13 1.37 3.00 0.50 4.88 1.94 4.63   "
"2024-11-05 17:00:00",135,12.48,19.36,3.81,3.5,0.5,3.81,4.19,1,4.5,4.19,1.44,3,0.56,4.88,1.94,4.63,"3.81 3.50 0.50 3.81 4.19 1.00 4.50 4.19 1.44 3.00 0.56 4.88 1.94 4.63   "
"2024-11-05 17:01:00",136,12.48,19.37,3.81,3.5,0.5,3.81,4.25,1,4.5,4.25,1.37,3.06,0.56,4.81,1.94,4.63,"3.81 3.50 0.50 3.81 4.25 1.00 4.50 4.25 1.37 3.06 0.56 4.81 1.94 4.63   "
"2024-11-05 17:02:00",137,12.48,19.37,3.81,3.5,0.5,3.81,4.31,1,4.5,4.25,1.37,3.06,0.63,4.88,2,4.63,"3.81 3.50 0.50 3.81 4.31 1.00 4.50 4.25 1.37 3.06 0.63 4.88 2.00 4.63   "
"2024-11-05 17:03:00",138,12.48,19.38,3.88,3.56,0.5,3.88,4.31,1,4.5,4.31,1.44,3.13,0.63,4.88,2.06,4.63,"3.88 3.56 0.50 3.88 4.31 1.00 4.50 4.31 1.44 3.13 0.63 4.88 2.06 4.63   "
"2024-11-05 17:04:00",139,12.48,19.39,3.88,3.56,0.5,3.88,4.31,1,4.5,4.31,1.44,3.19,0.69,4.88,2.06,4.69,"3.88 3.56 0.50 3.88 4.31 1.00 4.50 4.31 1.44 3.19 0.69 4.88 2.06 4.69   "
"2024-11-05 17:05:00",140,12.48,19.39,3.88,3.63,0.5,3.88,4.38,1,4.5,4.38,1.44,3.25,0.75,4.88,2.06,4.69,"3.88 3.63 0.50 3.88 4.38 1.00 4.50 4.38 1.44 3.25 0.75 4.88 2.06 4.69   "
"2024-11-05 17:06:00",141,12.48,19.4,3.88,3.63,0.5,3.88,4.38,1,4.5,4.38,1.44,3.25,0.81,4.88,2.13,4.69,"3.88 3.63 0.50 3.88 4.38 1.00 4.50 4.38 1.44 3.25 0.81 4.88 2.13 4.69   "
"2024-11-05 17:07:00",142,12.48,19.4,3.94,3.69,0.5,3.94,4.38,1,4.5,4.44,1.5,3.31,0.81,4.88,2.19,4.69,"3.94 3.69 0.50 3.94 4.38 1.00 4.50 4.44 1.50 3.31 0.81 4.88 2.19 4.69   "
"2024-11-05 17:08:00",143,12.48,19.41,3.94,3.69,0.5,3.94,4.38,1,4.5,4.44,1.5,3.38,0.94,4.88,2.25,4.69,"3.94 3.69 0.50 3.94 4.38 1.00 4.50 4.44 1.50 3.38 0.94 4.88 2.25 4.69   "
"2024-11-05 17:09:00",144,12.48,19.41,3.94,3.75,0.5,3.94,4.44,1,4.5,4.5,1.5,3.38,1,4.88,2.31,4.69,"3.94 3.75 0.50 3.94 4.44 1.00 4.50 4.50 1.50 3.38 1.00 4.88 2.31 4.69   "
"2024-11-05 17:10:00",145,12.48,19.42,3.94,3.75,0.5,3.94,4.44,1,4.5,4.5,1.5,3.44,1.06,4.88,2.38,4.69,"3.94 3.75 0.50 3.94 4.44 1.00 4.50 4.50 1.50 3.44 1.06 4.88 2.38 4.69   "
"2024-11-05 17:11:00",146,12.48,19.42,3.94,3.81,0.5,3.94,4.44,1,4.5,4.56,1.56,3.5,1.06,4.94,2.44,4.69,"3.94 3.81 0.50 3.94 4.44 1.00 4.50 4.56 1.56 3.50 1.06 4.94 2.44 4.69   "
"2024-11-05 17:12:00",147,12.48,19.43,4,3.81,0.5,4,4.44,1,4.5,4.56,1.56,3.56,1.12,4.88,2.5,4.69,"4.00 3.81 0.50 4.00 4.44 1.00 4.50 4.56 1.56 3.56 1.12 4.88 2.50 4.69   "
"2024-11-05 17:13:00",148,12.48,19.43,4,3.88,0.5,4,4.5,1,4.5,4.56,1.56,3.63,1.12,4.94,2.56,4.69,"4.00 3.88 0.50 4.00 4.50 1.00 4.50 4.56 1.56 3.63 1.12 4.94 2.56 4.69   "
"2024-11-05 17:14:00",149,12.48,19.43,4,3.88,0.5,4,4.5,1,4.5,4.56,1.63,3.69,1.19,4.94,2.63,4.69,"4.00 3.88 0.50 4.00 4.50 1.00 4.50 4.56 1.63 3.69 1.19 4.94 2.63 4.69   "
"2024-11-05 17:15:00",150,12.48,19.43,4.06,3.88,0.5,4.06,4.5,1,4.5,4.56,1.56,3.69,1.19,4.94,2.69,4.69,"4.06 3.88 0.50 4.06 4.50 1.00 4.50 4.56 1.56 3.69 1.19 4.94 2.69 4.69   "
"2024-11-05 17:16:00",151,12.48,19.43,4.06,3.94,0.5,4.06,4.56,1,4.5,4.63,1.63,3.75,1.19,4.94,2.75,4.69,"4.06 3.94 0.50 4.06 4.56 1.00 4.50 4.63 1.63 3.75 1.19 4.94 2.75 4.69   "
"2024-11-05 17:17:00",152,12.48,19.43,4,3.94,0.5,4,4.56,1,4.5,4.63,1.63,3.81,1.19,4.94,2.81,4.69,"4.00 3.94 0.50 4.00 4.56 1.00 4.50 4.63 1.63 3.81 1.19 4.94 2.81 4.69   "
"2024-11-05 17:18:00",153,12.48,19.43,4,4,0.5,4,4.56,1,4.5,4.63,1.63,3.81,1.25,5,2.88,4.69,"4.00 4.00 0.50 4.00 4.56 1.00 4.50 4.63 1.63 3.81 1.25 5.00 2.88 4.69   "
"2024-11-05 17:19:00",154,12.48,19.42,4.06,4,0.5,4.06,4.56,1.5,4.5,4.63,1.69,3.88,1.25,5,2.94,4.69,"4.06 4.00 0.50 4.06 4.56 1.50 4.50 4.63 1.69 3.88 1.25 5.00 2.94 4.69   "
"2024-11-05 17:20:00",155,12.48,19.42,4.06,4.06,0.5,4.06,4.63,1.5,5,4.69,1.69,3.88,1.25,5,3,4.69,"4.06 4.06 0.50 4.06 4.63 1.50 5.00 4.69 1.69 3.88 1.25 5.00 3.00 4.69   "
"2024-11-05 17:21:00",156,12.48,19.41,4.06,4.06,0.5,4.06,4.63,1.5,5,4.63,1.69,3.94,1.31,5,3.06,4.75,"4.06 4.06 0.50 4.06 4.63 1.50 5.00 4.63 1.69 3.94 1.31 5.00 3.06 4.75   "
"2024-11-05 17:22:00",157,12.48,19.39,4.06,4.13,0.5,4.06,4.63,1.5,5,4.63,1.69,3.94,1.37,5,3.13,4.75,"4.06 4.13 0.50 4.06 4.63 1.50 5.00 4.63 1.69 3.94 1.37 5.00 3.13 4.75   "
"2024-11-05 17:23:00",158,12.48,19.38,4.06,4.13,0.5,4.06,4.69,1.5,5,4.69,1.69,4,1.37,5,3.19,4.75,"4.06 4.13 0.50 4.06 4.69 1.50 5.00 4.69 1.69 4.00 1.37 5.00 3.19 4.75   "
"2024-11-05 17:24:00",159,12.48,19.37,4.06,4.19,1,4.06,4.69,1.5,5,4.69,1.75,4,1.37,5,3.31,4.75,"4.06 4.19 1.00 4.06 4.69 1.50 5.00 4.69 1.75 4.00 1.37 5.00 3.31 4.75   "
"2024-11-05 17:25:00",160,12.48,19.35,4.13,4.19,0.5,4.13,4.69,1.5,5,4.69,1.75,4.06,1.44,5,3.38,4.75,"4.13 4.19 0.50 4.13 4.69 1.50 5.00 4.69 1.75 4.06 1.44 5.00 3.38 4.75   "
"2024-11-05 17:26:00",161,12.48,19.34,4.13,4.19,0.5,4.13,4.69,1.5,5,4.69,1.75,4.13,1.44,5.06,3.44,4.75,"4.13 4.19 0.50 4.13 4.69 1.50 5.00 4.69 1.75 4.13 1.44 5.06 3.44 4.75   "
"2024-11-05 17:27:00",162,12.48,19.32,4.13,4.25,0.5,4.13,4.69,1.5,5,4.69,1.81,4.13,1.5,5.06,3.5,4.75,"4.13 4.25 0.50 4.13 4.69 1.50 5.00 4.69 1.81 4.13 1.50 5.06 3.50 4.75   "
"2024-11-05 17:28:00",163,12.48,19.31,4.13,4.19,1,4.13,4.75,1.5,5,4.75,1.81,4.19,1.5,5.06,3.56,4.75,"4.13 4.19 1.00 4.13 4.75 1.50 5.00 4.75 1.81 4.19 1.50 5.06 3.56 4.75   "
"2024-11-05 17:29:00",164,12.48,19.29,4.13,4.25,1,4.13,4.69,1.5,5,4.75,1.81,4.19,1.56,5.06,3.56,4.81,"4.13 4.25 1.00 4.13 4.69 1.50 5.00 4.75 1.81 4.19 1.56 5.06 3.56 4.81   "
"2024-11-05 17:30:00",165,12.48,19.28,4.13,4.25,1,4.13,4.75,1.5,5,4.75,1.81,4.25,1.56,5.06,3.69,4.81,"4.13 4.25 1.00 4.13 4.75 1.50 5.00 4.75 1.81 4.25 1.56 5.06 3.69 4.81   "
"2024-11-05 17:31:00",166,12.48,19.27,4.19,4.25,1,4.19,4.75,2,5,4.75,1.88,4.31,1.63,5.06,3.69,4.81,"4.19 4.25 1.00 4.19 4.75 2.00 5.00 4.75 1.88 4.31 1.63 5.06 3.69 4.81   "
"2024-11-05 17:32:00",167,12.48,19.26,3.5,4.13,1,3.5,4.63,2,5,4.75,1.88,4.31,1.63,5.13,3.63,4.81,"3.50 4.13 1.00 3.50 4.63 2.00 5.00 4.75 1.88 4.31 1.63 5.13 3.63 4.81   "
"2024-11-05 17:33:00",168,12.48,19.26,2.25,3.63,1,2.25,4.25,1.5,5,4.69,1.88,4.06,1.88,5.13,3.31,4.81,"2.25 3.63 1.00 2.25 4.25 1.50 5.00 4.69 1.88 4.06 1.88 5.13 3.31 4.81   "
"2024-11-05 17:34:00",169,12.48,19.27,1.44,3.06,1,1.44,4.06,2,4.5,4.63,2.06,3.94,2,5.13,3.19,4.88,"1.44 3.06 1.00 1.44 4.06 2.00 4.50 4.63 2.06 3.94 2.00 5.13 3.19 4.88   "
"2024-11-05 17:35:00",170,12.48,19.29,0.94,2.69,1,0.94,4,2,4.5,4.56,2.13,3.88,2.06,5.06,3.13,4.81,"0.94 2.69 1.00 0.94 4.00 2.00 4.50 4.56 2.13 3.88 2.06 5.06 3.13 4.81   "
"2024-11-05 17:36:00",171,12.48,19.3,0.63,2.38,1,0.63,4.06,2,4.5,4.5,2.19,3.88,2.13,5.06,3.13,4.81,"0.63 2.38 1.00 0.63 4.06 2.00 4.50 4.50 2.19 3.88 2.13 5.06 3.13 4.81   "
"2024-11-05 17:37:00",172,12.48,19.33,0.44,2.19,1,0.44,4.13,2,4,4.5,2.19,3.94,2.13,5.06,3.19,4.81,"0.44 2.19 1.00 0.44 4.13 2.00 4.00 4.50 2.19 3.94 2.13 5.06 3.19 4.81   "
"2024-11-05 17:38:00",173,0,19.35,"NAN","NAN","NAN","NAN","NAN","NAN","NAN","NAN","NAN","NAN","NAN","NAN","NAN","NAN",""
"2024-11-05 17:39:00",174,0,19.37,"NAN","NAN","NAN","NAN","NAN","NAN","NAN","NAN","NAN","NAN","NAN","NAN","NAN","NAN",""
"2024-11-05 17:40:00",175,0,19.39,"NAN","NAN","NAN","NAN","NAN","NAN","NAN","NAN","NAN","NAN","NAN","NAN","NAN","NAN",""
"2024-11-05 17:41:00",176,0,19.4,"NAN","NAN","NAN","NAN","NAN","NAN","NAN","NAN","NAN","NAN","NAN","NAN","NAN","NAN",""
"2024-11-05 17:42:00",177,0,19.42,"NAN","NAN","NAN","NAN","NAN","NAN","NAN","NAN","NAN","NAN","NAN","NAN","NAN","NAN",""
"2024-11-05 17:43:00",178,0,19.43,"NAN","NAN","NAN","NAN","NAN","NAN","NAN","NAN","NAN","NAN","NAN","NAN","NAN","NAN",""
"2024-11-05 17:44:00",179,12.49,19.44,0.31,0.31,0.5,0.31,0.31,0,0.5,0.44,0.81,0.75,0.37,0.81,0.69,0.31,"0.31 0.31 0.50 0.31 0.31 0.00 0.50 0.44 0.81 0.75 0.37 0.81 0.69 0.31   "
"2024-11-05 17:45:00",180,12.49,19.45,0.19,0.19,0.5,0.19,0.25,0,0.5,0.31,0.69,0.56,0.31,0.63,0.5,0.25,"0.19 0.19 0.50 0.19 0.25 0.00 0.50 0.31 0.69 0.56 0.31 0.63 0.50 0.25   "
"2024-11-05 17:46:00",181,12.49,19.46,0.12,0.19,0.5,0.12,0.12,0,0.5,0.25,0.5,0.44,0.25,0.44,0.37,0.19,"0.12 0.19 0.50 0.12 0.12 0.00 0.50 0.25 0.50 0.44 0.25 0.44 0.37 0.19   "
"2024-11-05 17:47:00",182,12.49,19.47,0.06,0.12,0.5,0.06,0.12,0,0.5,0.25,0.5,0.31,0.19,0.44,0.31,0.19,"0.06 0.12 0.50 0.06 0.12 0.00 0.50 0.25 0.50 0.31 0.19 0.44 0.31 0.19   "
"2024-11-05 17:48:00",183,12.49,19.48,0.06,0.12,0.5,0.06,0.12,0,0.5,0.19,0.44,0.31,0.19,0.37,0.25,0.19,"0.06 0.12 0.50 0.06 0.12 0.00 0.50 0.19 0.44 0.31 0.19 0.37 0.25 0.19   "
"2024-11-05 17:49:00",184,12.49,19.48,0,0.06,0.5,0,0.06,0,0.5,0.19,0.44,0.25,0.19,0.37,0.25,0.19,"0.00 0.06 0.50 0.00 0.06 0.00 0.50 0.19 0.44 0.25 0.19 0.37 0.25 0.19   "
"2024-11-05 17:50:00",185,12.48,19.48,0,0.06,0,0,0.12,0,0.5,0.19,0.44,0.25,0.12,0.37,0.25,0.12,"0.00 0.06 0.00 0.00 0.12 0.00 0.50 0.19 0.44 0.25 0.12 0.37 0.25 0.12   "
"2024-11-05 17:51:00",186,12.48,19.48,0,0.06,0,0,0.06,0,0.5,0.19,0.5,0.25,0.19,0.37,0.25,0.19,"0.00 0.06 0.00 0.00 0.06 0.00 0.50 0.19 0.50 0.25 0.19 0.37 0.25 0.19   "
"2024-11-05 17:52:00",187,12.48,19.47,0,0.06,0.5,0,0.06,0,0.5,0.19,0.5,0.25,0.19,0.37,0.19,0.19,"0.00 0.06 0.50 0.00 0.06 0.00 0.50 0.19 0.50 0.25 0.19 0.37 0.19 0.19   "
"2024-11-05 17:53:00",188,12.48,19.47,0,0.12,0,0,0.06,0,0.5,0.19,0.5,0.25,0.12,0.37,0.19,0.12,"0.00 0.12 0.00 0.00 0.06 0.00 0.50 0.19 0.50 0.25 0.12 0.37 0.19 0.12   "
"2024-11-05 17:54:00",189,12.48,19.46,0,0.06,0,0,0.06,0,0.5,0.19,0.5,0.25,0.19,0.37,0.19,0.12,"0.00 0.06 0.00 0.00 0.06 0.00 0.50 0.19 0.50 0.25 0.19 0.37 0.19 0.12   "
"2024-11-05 17:55:00",190,12.48,19.46,-0.06,0.06,0,-0.06,0.06,0,0.5,0.19,0.5,0.25,0.12,0.37,0.19,0.19,"-0.06 0.06 0.00 -0.06 0.06 0.00 0.50 0.19 0.50 0.25 0.12 0.37 0.19 0.19   "
"2024-11-05 17:56:00",191,12.48,19.45,-0.06,0.06,0.5,-0.06,0.06,0,0.5,0.19,0.5,0.25,0.19,0.37,0.19,0.12,"-0.06 0.06 0.50 -0.06 0.06 0.00 0.50 0.19 0.50 0.25 0.19 0.37 0.19 0.12   "
"2024-11-05 17:57:00",192,12.48,19.44,0,0.06,0,0,0.06,0,0.5,0.19,0.56,0.25,0.19,0.37,0.19,0.19,"0.00 0.06 0.00 0.00 0.06 0.00 0.50 0.19 0.56 0.25 0.19 0.37 0.19 0.19   "
"2024-11-05 17:58:00",193,12.48,19.42,-0.06,0.06,0,-0.06,0.06,0,0.5,0.19,0.56,0.25,0.19,0.44,0.19,0.19,"-0.06 0.06 0.00 -0.06 0.06 0.00 0.50 0.19 0.56 0.25 0.19 0.44 0.19 0.19   "
"2024-11-05 17:59:00",194,12.48,19.41,0,0.06,0,0,0.06,0,0.5,0.19,0.56,0.25,0.19,0.44,0.19,0.19,"0.00 0.06 0.00 0.00 0.06 0.00 0.50 0.19 0.56 0.25 0.19 0.44 0.19 0.19   "
"2024-11-05 18:00:00",195,12.48,19.39,0,0.06,0,0,0.06,0,0.5,0.19,0.56,0.25,0.19,0.44,0.19,0.19,"0.00 0.06 0.00 0.00 0.06 0.00 0.50 0.19 0.56 0.25 0.19 0.44 0.19 0.19   "
"2024-11-05 18:01:00",196,12.48,19.38,0,0.06,0.5,0,0.06,0,0.5,0.19,0.56,0.25,0.19,0.44,0.19,0.19,"0.00 0.06 0.50 0.00 0.06 0.00 0.50 0.19 0.56 0.25 0.19 0.44 0.19 0.19   "
"2024-11-05 18:02:00",197,12.48,19.36,0,0.06,0,0,0.06,0,0.5,0.19,0.56,0.25,0.19,0.44,0.19,0.19,"0.00 0.06 0.00 0.00 0.06 0.00 0.50 0.19 0.56 0.25 0.19 0.44 0.19 0.19   "
"2024-11-05 18:03:00",198,12.48,19.35,0,0.06,0,0,0.06,0,0.5,0.19,0.56,0.31,0.19,0.44,0.19,0.19,"0.00 0.06 0.00 0.00 0.06 0.00 0.50 0.19 0.56 0.31 0.19 0.44 0.19 0.19   "
"2024-11-05 18:04:00",199,12.48,19.33,0,0.06,0.5,0,0.06,0,0.5,0.19,0.63,0.31,0.19,0.44,0.19,0.19,"0.00 0.06 0.50 0.00 0.06 0.00 0.50 0.19 0.63 0.31 0.19 0.44 0.19 0.19   "
"2024-11-05 18:05:00",200,12.48,19.32,0,0.06,0,0,0.06,0,0.5,0.19,0.63,0.31,0.19,0.44,0.19,0.19,"0.00 0.06 0.00 0.00 0.06 0.00 0.50 0.19 0.63 0.31 0.19 0.44 0.19 0.19   "
"2024-11-05 18:06:00",201,12.48,19.3,0,0.06,0,0,0.06,0,0.5,0.19,0.63,0.31,0.19,0.44,0.19,0.19,"0.00 0.06 0.00 0.00 0.06 0.00 0.50 0.19 0.63 0.31 0.19 0.44 0.19 0.19   "
"2024-11-05 18:07:00",202,12.48,19.29,0,0.06,0,0,0.06,0,0.5,0.19,0.63,0.31,0.19,0.44,0.25,0.19,"0.00 0.06 0.00 0.00 0.06 0.00 0.50 0.19 0.63 0.31 0.19 0.44 0.25 0.19   "
"2024-11-05 18:08:00",203,12.48,19.27,0,0.06,0,0,0.06,0,0.5,0.19,0.63,0.31,0.19,0.44,0.19,0.19,"0.00 0.06 0.00 0.00 0.06 0.00 0.50 0.19 0.63 0.31 0.19 0.44 0.19 0.19   "
"2024-11-05 18:09:00",204,12.48,19.26,0,0.06,0.5,0,0.06,0,0.5,0.19,0.63,0.31,0.19,0.44,0.19,0.19,"0.00 0.06 0.50 0.00 0.06 0.00 0.50 0.19 0.63 0.31 0.19 0.44 0.19 0.19   "
"2024-11-05 18:10:00",205,12.48,19.25,0,0.06,0.5,0,0.06,0,0.5,0.19,0.69,0.37,0.19,0.5,0.19,0.19,"0.00 0.06 0.50 0.00 0.06 0.00 0.50 0.19 0.69 0.37 0.19 0.50 0.19 0.19   "
"2024-11-05 18:11:00",206,12.48,19.24,0,0.06,0,0,0.06,0,0.5,0.19,0.63,0.37,0.19,0.5,0.19,0.19,"0.00 0.06 0.00 0.00 0.06 0.00 0.50 0.19 0.63 0.37 0.19 0.50 0.19 0.19   "
"2024-11-05 18:12:00",207,12.48,19.23,0,0.06,0.5,0,0.06,0,0.5,0.19,0.69,0.31,0.19,0.5,0.19,0.19,"0.00 0.06 0.50 0.00 0.06 0.00 0.50 0.19 0.69 0.31 0.19 0.50 0.19 0.19   "
"2024-11-05 18:13:00",208,12.48,19.22,0,0.06,0,0,0.06,0,0.5,0.19,0.69,0.37,0.19,0.5,0.19,0.19,"0.00 0.06 0.00 0.00 0.06 0.00 0.50 0.19 0.69 0.37 0.19 0.50 0.19 0.19   "
"2024-11-05 18:14:00",209,12.48,19.21,0,0.06,0.5,0,0.06,0,0.5,0.19,0.69,0.37,0.19,0.5,0.25,0.19,"0.00 0.06 0.50 0.00 0.06 0.00 0.50 0.19 0.69 0.37 0.19 0.50 0.25 0.19   "
"2024-11-05 18:15:00",210,12.48,19.2,0,0.06,0,0,0.06,0,0.5,0.19,0.69,0.37,0.19,0.5,0.25,0.19,"0.00 0.06 0.00 0.00 0.06 0.00 0.50 0.19 0.69 0.37 0.19 0.50 0.25 0.19   "
"2024-11-05 18:16:00",211,12.48,19.19,0,0.06,0,0,0.12,0,0.5,0.19,0.69,0.37,0.19,0.5,0.19,0.19,"0.00 0.06 0.00 0.00 0.12 0.00 0.50 0.19 0.69 0.37 0.19 0.50 0.19 0.19   "
"2024-11-05 18:17:00",212,12.48,19.19,0,0.06,0,0,0.06,0,0.5,0.19,0.69,0.44,0.19,0.5,0.25,0.19,"0.00 0.06 0.00 0.00 0.06 0.00 0.50 0.19 0.69 0.44 0.19 0.50 0.25 0.19   "
"2024-11-05 18:18:00",213,12.48,19.18,0,0.06,0,0,0.06,0,0.5,0.19,0.75,0.37,0.19,0.5,0.19,0.25,"0.00 0.06 0.00 0.00 0.06 0.00 0.50 0.19 0.75 0.37 0.19 0.50 0.19 0.25   "
"2024-11-05 18:19:00",214,12.48,19.18,0,0.06,0,0,0.06,0,0.5,0.19,0.75,0.37,0.19,0.5,0.25,0.25,"0.00 0.06 0.00 0.00 0.06 0.00 0.50 0.19 0.75 0.37 0.19 0.50 0.25 0.25   "
"2024-11-05 18:20:00",215,12.48,19.17,0,0.12,0.5,0,0.12,0,0.5,0.19,0.75,0.44,0.19,0.5,0.19,0.19,"0.00 0.12 0.50 0.00 0.12 0.00 0.50 0.19 0.75 0.44 0.19 0.50 0.19 0.19   "
"2024-11-05 18:21:00",216,12.48,19.17,0,0.06,0,0,0.06,0,0.5,0.19,0.75,0.44,0.19,0.5,0.25,0.19,"0.00 0.06 0.00 0.00 0.06 0.00 0.50 0.19 0.75 0.44 0.19 0.50 0.25 0.19   "
"2024-11-05 18:22:00",217,12.48,19.17,0,0.06,0,0,0.12,0,0.5,0.19,0.75,0.44,0.19,0.5,0.19,0.19,"0.00 0.06 0.00 0.00 0.12 0.00 0.50 0.19 0.75 0.44 0.19 0.50 0.19 0.19   "
"2024-11-05 18:23:00",218,12.48,19.16,0,0.12,0,0,0.06,0,0.5,0.19,0.75,0.44,0.19,0.5,0.19,0.19,"0.00 0.12 0.00 0.00 0.06 0.00 0.50 0.19 0.75 0.44 0.19 0.50 0.19 0.19   "
"2024-11-05 18:24:00",219,12.48,19.16,0,0.06,0,0,0.06,0,0.5,0.19,0.75,0.44,0.19,0.5,0.19,0.25,"0.00 0.06 0.00 0.00 0.06 0.00 0.50 0.19 0.75 0.44 0.19 0.50 0.19 0.25   "
"2024-11-05 18:25:00",220,12.48,19.16,0,0.06,0,0,0.06,0,0.5,0.19,0.81,0.44,0.19,0.5,0.25,0.25,"0.00 0.06 0.00 0.00 0.06 0.00 0.50 0.19 0.81 0.44 0.19 0.50 0.25 0.25   "
"2024-11-05 18:26:00",221,12.48,19.15,0,0.06,0.5,0,0.12,0,0.5,0.19,0.81,0.44,0.19,0.5,0.19,0.25,"0.00 0.06 0.50 0.00 0.12 0.00 0.50 0.19 0.81 0.44 0.19 0.50 0.19 0.25   "
"2024-11-05 18:27:00",222,12.48,19.15,0,0.06,0,0,0.06,0,0.5,0.19,0.81,0.44,0.19,0.5,0.19,0.25,"0.00 0.06 0.00 0.00 0.06 0.00 0.50 0.19 0.81 0.44 0.19 0.50 0.19 0.25   "
"2024-11-05 18:28:00",223,12.48,19.15,0,0.06,0,0,0.06,0,0.5,0.19,0.81,0.44,0.25,0.5,0.25,0.25,"0.00 0.06 0.00 0.00 0.06 0.00 0.50 0.19 0.81 0.44 0.25 0.50 0.25 0.25   "
"2024-11-05 18:29:00",224,12.48,19.14,0,0.06,0.5,0,0.12,0,0.5,0.19,0.81,0.44,0.19,0.5,0.25,0.25,"0.00 0.06 0.50 0.00 0.12 0.00 0.50 0.19 0.81 0.44 0.19 0.50 0.25 0.25   "
"2024-11-05 18:30:00",225,12.48,19.14,0,0.06,0.5,0,0.12,0,0.5,0.19,0.88,0.44,0.19,0.56,0.25,0.25,"0.00 0.06 0.50 0.00 0.12 0.00 0.50 0.19 0.88 0.44 0.19 0.56 0.25 0.25   "
"2024-11-05 18:31:00",226,12.48,19.14,0,0.06,0,0,0.12,0,0.5,0.19,0.88,0.5,0.19,0.56,0.19,0.25,"0.00 0.06 0.00 0.00 0.12 0.00 0.50 0.19 0.88 0.50 0.19 0.56 0.19 0.25   "
"2024-11-05 18:32:00",227,12.48,19.14,0,0.06,0,0,0.12,0,0.5,0.19,0.88,0.44,0.25,0.56,0.25,0.25,"0.00 0.06 0.00 0.00 0.12 0.00 0.50 0.19 0.88 0.44 0.25 0.56 0.25 0.25   "
"2024-11-05 18:33:00",228,12.48,19.14,0,0.06,0.5,0,0.12,0,0.5,0.19,0.94,0.44,0.19,0.56,0.19,0.25,"0.00 0.06 0.50 0.00 0.12 0.00 0.50 0.19 0.94 0.44 0.19 0.56 0.19 0.25   "
"2024-11-05 18:34:00",229,12.48,19.13,0.06,0.06,0.5,0.06,0.12,0,0.5,0.19,0.94,0.44,0.19,0.56,0.19,0.25,"0.06 0.06 0.50 0.06 0.12 0.00 0.50 0.19 0.94 0.44 0.19 0.56 0.19 0.25   "
"2024-11-05 18:35:00",230,12.48,19.13,0.06,0.06,0,0.06,0.12,0,0.5,0.19,0.94,0.5,0.25,0.56,0.25,0.25,"0.06 0.06 0.00 0.06 0.12 0.00 0.50 0.19 0.94 0.50 0.25 0.56 0.25 0.25   "
"2024-11-05 18:36:00",231,12.48,19.14,0,0.06,0,0,0.12,0,0.5,0.19,0.75,0.44,0.25,0.56,0.25,0.25,"0.00 0.06 0.00 0.00 0.12 0.00 0.50 0.19 0.75 0.44 0.25 0.56 0.25 0.25   "
"2024-11-05 18:37:00",232,12.48,19.15,0,0.06,0.5,0,0.06,0,0.5,0.19,0.63,0.37,0.19,0.5,0.19,0.25,"0.00 0.06 0.50 0.00 0.06 0.00 0.50 0.19 0.63 0.37 0.19 0.50 0.19 0.25   "
"2024-11-05 18:38:00",233,12.48,19.17,-0.06,0.06,0.5,-0.06,0.06,0,0.5,0.12,0.56,0.31,0.19,0.44,0.19,0.19,"-0.06 0.06 0.50 -0.06 0.06 0.00 0.50 0.12 0.56 0.31 0.19 0.44 0.19 0.19   "
"2024-11-05 18:39:00",234,12.48,19.18,0,0.06,0,0,0.06,0,0.5,0.12,0.56,0.25,0.19,0.44,0.19,0.12,"0.00 0.06 0.00 0.00 0.06 0.00 0.50 0.12 0.56 0.25 0.19 0.44 0.19 0.12   "
"2024-11-05 18:40:00",235,12.48,19.2,-0.06,0.06,0,-0.06,0.06,0,0.5,0.19,0.56,0.25,0.19,0.44,0.19,0.12,"-0.06 0.06 0.00 -0.06 0.06 0.00 0.50 0.19 0.56 0.25 0.19 0.44 0.19 0.12   "
"2024-11-05 18:41:00",236,12.48,19.23,-0.06,0.06,0,-0.06,0.06,0,0.5,0.19,0.63,0.19,0.19,0.44,0.19,0.12,"-0.06 0.06 0.00 -0.06 0.06 0.00 0.50 0.19 0.63 0.19 0.19 0.44 0.19 0.12   "
"2024-11-05 18:42:00",237,12.48,19.25,-0.06,0.06,0.5,-0.06,0.06,0,0.5,0.12,0.56,0.19,0.19,0.44,0.12,0.12,"-0.06 0.06 0.50 -0.06 0.06 0.00 0.50 0.12 0.56 0.19 0.19 0.44 0.12 0.12   "
"2024-11-05 18:43:00",238,12.48,19.28,-0.06,0.06,0.5,-0.06,0.06,0,0.5,0.19,0.5,0.19,0.12,0.37,0.19,0.06,"-0.06 0.06 0.50 -0.06 0.06 0.00 0.50 0.19 0.50 0.19 0.12 0.37 0.19 0.06   "
"2024-11-05 18:44:00",239,12.48,19.3,-0.06,0.06,0,-0.06,0.06,0,0.5,0.19,0.5,0.19,0.19,0.44,0.12,0.12,"-0.06 0.06 0.00 -0.06 0.06 0.00 0.50 0.19 0.50 0.19 0.19 0.44 0.12 0.12   "
"2024-11-05 18:45:00",240,12.48,19.32,-0.06,0.06,0,-0.06,0.06,0,0.5,0.19,0.5,0.19,0.19,0.37,0.12,0.12,"-0.06 0.06 0.00 -0.06 0.06 0.00 0.50 0.19 0.50 0.19 0.19 0.37 0.12 0.12   "
"2024-11-05 18:46:00",241,12.48,19.34,-0.06,0.06,0.5,-0.06,0.06,0,0.5,0.12,0.5,0.19,0.12,0.37,0.19,0.06,"-0.06 0.06 0.50 -0.06 0.06 0.00 0.50 0.12 0.50 0.19 0.12 0.37 0.19 0.06   "
"2024-11-05 18:47:00",242,12.48,19.36,-0.06,0.06,0,-0.06,0.06,0,0.5,0.19,0.56,0.19,0.19,0.37,0.12,0.12,"-0.06 0.06 0.00 -0.06 0.06 0.00 0.50 0.19 0.56 0.19 0.19 0.37 0.12 0.12   "
"2024-11-05 18:48:00",243,12.48,19.38,-0.06,0.06,0,-0.06,0.06,0,0.5,0.12,0.56,0.19,0.19,0.44,0.12,0.06,"-0.06 0.06 0.00 -0.06 0.06 0.00 0.50 0.12 0.56 0.19 0.19 0.44 0.12 0.06   "
"2024-11-05 18:49:00",244,12.48,19.4,-0.06,0.06,0,-0.06,0.06,0,0.5,0.19,0.56,0.19,0.19,0.44,0.19,0.12,"-0.06 0.06 0.00 -0.06 0.06 0.00 0.50 0.19 0.56 0.19 0.19 0.44 0.19 0.12   "
"2024-11-05 18:50:00",245,12.48,19.43,-0.06,0.06,0.5,-0.06,0.06,0,0.5,0.12,0.56,0.19,0.12,0.44,0.19,0.06,"-0.06 0.06 0.50 -0.06 0.06 0.00 0.50 0.12 0.56 0.19 0.12 0.44 0.19 0.06   "
"2024-11-05 18:51:00",246,12.48,19.45,-0.06,0.06,0,-0.06,0.06,0,0.5,0.12,0.63,0.25,0.19,0.44,0.12,0.12,"-0.06 0.06 0.00 -0.06 0.06 0.00 0.50 0.12 0.63 0.25 0.19 0.44 0.12 0.12   "
"2024-11-05 18:52:00",247,12.48,19.48,-0.06,0.06,0,-0.06,0.06,0,0.5,0.19,0.63,0.25,0.19,0.5,0.12,0.06,"-0.06 0.06 0.00 -0.06 0.06 0.00 0.50 0.19 0.63 0.25 0.19 0.50 0.12 0.06   "
"2024-11-05 18:53:00",248,12.48,19.51,-0.06,0.12,0,-0.06,0,0,0.5,0.12,0.63,0.25,0.19,0.5,0.12,0.12,"-0.06 0.12 0.00 -0.06 0.00 0.00 0.50 0.12 0.63 0.25 0.19 0.50 0.12 0.12   "
"2024-11-05 18:54:00",249,12.48,19.53,0,0.06,0.5,0,0.06,0,0.5,0.12,0.5,0.25,0.19,0.5,0.12,0.12,"0.00 0.06 0.50 0.00 0.06 0.00 0.50 0.12 0.50 0.25 0.19 0.50 0.12 0.12   "
"2024-11-05 18:55:00",250,12.48,19.55,-0.06,0.06,0.5,-0.06,0.06,0,0.5,0.12,0.5,0.25,0.19,0.44,0.12,0.12,"-0.06 0.06 0.50 -0.06 0.06 0.00 0.50 0.12 0.50 0.25 0.19 0.44 0.12 0.12   "
"2024-11-05 18:56:00",251,12.48,19.57,-0.06,0.12,0,-0.06,0.06,0,0.5,0.12,0.44,0.19,0.19,0.44,0.12,0.12,"-0.06 0.12 0.00 -0.06 0.06 0.00 0.50 0.12 0.44 0.19 0.19 0.44 0.12 0.12   "
"2024-11-05 18:57:00",252,12.48,19.59,-0.06,0.12,0,-0.06,0.06,0,0.5,0.12,0.44,0.19,0.19,0.44,0.12,0.12,"-0.06 0.12 0.00 -0.06 0.06 0.00 0.50 0.12 0.44 0.19 0.19 0.44 0.12 0.12   "
"2024-11-05 18:58:00",253,12.47,19.6,-0.06,0.12,0,-0.06,0.06,0,0.5,0.19,0.44,0.19,0.19,0.44,0.12,0.06,"-0.06 0.12 0.00 -0.06 0.06 0.00 0.50 0.19 0.44 0.19 0.19 0.44 0.12 0.06   "
"2024-11-05 18:59:00",254,12.48,19.61,-0.06,0.12,0,-0.06,0.06,0,0.5,0.19,0.44,0.19,0.19,0.44,0.19,0.12,"-0.06 0.12 0.00 -0.06 0.06 0.00 0.50 0.19 0.44 0.19 0.19 0.44 0.19 0.12   "
"2024-11-05 19:00:00",255,12.48,19.61,-0.06,0.12,0,-0.06,0.06,0,0.5,0.19,0.44,0.12,0.19,0.44,0.12,0.12,"-0.06 0.12 0.00 -0.06 0.06 0.00 0.50 0.19 0.44 0.12 0.19 0.44 0.12 0.12   "
"2024-11-05 19:01:00",256,12.48,19.61,-0.06,0.12,0.5,-0.06,0.06,0,0.5,0.19,0.5,0.19,0.19,0.44,0.19,0.12,"-0.06 0.12 0.50 -0.06 0.06 0.00 0.50 0.19 0.50 0.19 0.19 0.44 0.19 0.12   "
"2024-11-05 19:02:00",257,12.48,19.61,-0.06,0.12,0,-0.06,0.06,0,0.5,0.19,0.5,0.12,0.19,0.44,0.12,0.06,"-0.06 0.12 0.00 -0.06 0.06 0.00 0.50 0.19 0.50 0.12 0.19 0.44 0.12 0.06   "
"2024-11-05 19:03:00",258,12.48,19.6,-0.06,0.12,0,-0.06,0.06,0,0.5,0.12,0.5,0.19,0.19,0.5,0.19,0.06,"-0.06 0.12 0.00 -0.06 0.06 0.00 0.50 0.12 0.50 0.19 0.19 0.50 0.19 0.06   "
"2024-11-05 19:04:00",259,12.48,19.6,-0.06,0.12,0.5,-0.06,0.06,0,0.5,0.12,0.5,0.19,0.12,0.5,0.12,0.06,"-0.06 0.12 0.50 -0.06 0.06 0.00 0.50 0.12 0.50 0.19 0.12 0.50 0.12 0.06   "
"2024-11-05 19:05:00",260,12.48,19.59,-0.06,0.19,0.5,-0.06,0.06,0,0.5,0.19,0.5,0.19,0.19,0.5,0.12,0.12,"-0.06 0.19 0.50 -0.06 0.06 0.00 0.50 0.19 0.50 0.19 0.19 0.50 0.12 0.12   "
"2024-11-05 19:06:00",261,12.48,19.59,-0.06,0.12,0,-0.06,0.06,0,0.5,0.19,0.5,0.19,0.19,0.56,0.12,0.12,"-0.06 0.12 0.00 -0.06 0.06 0.00 0.50 0.19 0.50 0.19 0.19 0.56 0.12 0.12   "
"2024-11-05 19:07:00",262,12.48,19.59,-0.06,0.12,0,-0.06,0,0,0.5,0.19,0.44,0.19,0.19,0.5,0.19,0.12,"-0.06 0.12 0.00 -0.06 0.00 0.00 0.50 0.19 0.44 0.19 0.19 0.50 0.19 0.12   "
"2024-11-05 19:08:00",263,12.48,19.58,-0.06,0.12,0.5,-0.06,0.06,0,0.5,0.12,0.44,0.12,0.19,0.44,0.12,0.06,"-0.06 0.12 0.50 -0.06 0.06 0.00 0.50 0.12 0.44 0.12 0.19 0.44 0.12 0.06   "
"2024-11-05 19:09:00",264,12.48,19.57,-0.06,0.12,0,-0.06,0.06,0,0.5,0.12,0.44,0.12,0.19,0.44,0.12,0.12,"-0.06 0.12 0.00 -0.06 0.06 0.00 0.50 0.12 0.44 0.12 0.19 0.44 0.12 0.12   "
"2024-11-05 19:10:00",265,12.48,19.58,-0.06,0.12,0.5,-0.06,0.06,0,0.5,0.19,0.44,0.12,0.19,0.5,0.12,0.06,"-0.06 0.12 0.50 -0.06 0.06 0.00 0.50 0.19 0.44 0.12 0.19 0.50 0.12 0.06   "
"2024-11-05 19:11:00",266,12.48,19.59,-0.06,0.12,0,-0.06,0.06,0,0.5,0.12,0.5,0.19,0.19,0.5,0.12,0.06,"-0.06 0.12 0.00 -0.06 0.06 0.00 0.50 0.12 0.50 0.19 0.19 0.50 0.12 0.06   "
"2024-11-05 19:12:00",267,12.48,19.59,-0.06,0.12,0,-0.06,0.06,0,0.5,0.19,0.44,0.12,0.19,0.56,0.12,0.12,"-0.06 0.12 0.00 -0.06 0.06 0.00 0.50 0.19 0.44 0.12 0.19 0.56 0.12 0.12   "
"2024-11-05 19:13:00",268,12.48,19.59,-0.06,0.12,0,-0.06,0.06,0,0.5,0.12,0.5,0.19,0.19,0.56,0.12,0.06,"-0.06 0.12 0.00 -0.06 0.06 0.00 0.50 0.12 0.50 0.19 0.19 0.56 0.12 0.06   "
"2024-11-05 19:14:00",269,12.48,19.58,-0.06,0.12,0,-0.06,0.06,0,0.5,0.19,0.5,0.12,0.19,0.56,0.12,0.06,"-0.06 0.12 0.00 -0.06 0.06 0.00 0.50 0.19 0.50 0.12 0.19 0.56 0.12 0.06   "
"2024-11-05 19:15:00",270,12.48,19.57,-0.06,0.12,0,-0.06,0.06,0,0.5,0.19,0.44,0.12,0.19,0.5,0.12,0.06,"-0.06 0.12 0.00 -0.06 0.06 0.00 0.50 0.19 0.44 0.12 0.19 0.50 0.12 0.06   "
"2024-11-05 19:16:00",271,12.48,19.56,0,0.12,0.5,0,0.06,0,0.5,0.19,0.37,0.12,0.19,0.37,0.12,0.06,"0.00 0.12 0.50 0.00 0.06 0.00 0.50 0.19 0.37 0.12 0.19 0.37 0.12 0.06   "
"2024-11-05 19:17:00",272,12.48,19.55,0,0.12,0,0,0.06,0,0.5,0.12,0.37,0.12,0.19,0.31,0.12,0.06,"0.00 0.12 0.00 0.00 0.06 0.00 0.50 0.12 0.37 0.12 0.19 0.31 0.12 0.06   "
"2024-11-05 19:18:00",273,12.47,19.54,-0.06,0.12,0,-0.06,0.06,0,0.5,0.19,0.37,0.12,0.19,0.31,0.12,0.06,"-0.06 0.12 0.00 -0.06 0.06 0.00 0.50 0.19 0.37 0.12 0.19 0.31 0.12 0.06   "
"2024-11-05 19:19:00",274,12.48,19.53,-0.06,0.12,0,-0.06,0.06,0,0.5,0.12,0.37,0.12,0.12,0.25,0.12,0.06,"-0.06 0.12 0.00 -0.06 0.06 0.00 0.50 0.12 0.37 0.12 0.12 0.25 0.12 0.06   "
"2024-11-05 19:20:00",275,12.48,19.52,-0.06,0.06,0,-0.06,0.06,0,0.5,0.12,0.44,0.19,0.12,0.31,0.12,0.06,"-0.06 0.06 0.00 -0.06 0.06 0.00 0.50 0.12 0.44 0.19 0.12 0.31 0.12 0.06   "
"2024-11-05 19:21:00",276,12.48,19.51,-0.06,0.06,0.5,-0.06,0.06,0,0.5,0.12,0.44,0.12,0.19,0.31,0.12,0.06,"-0.06 0.06 0.50 -0.06 0.06 0.00 0.50 0.12 0.44 0.12 0.19 0.31 0.12 0.06   "
"2024-11-05 19:22:00",277,12.48,19.51,0,0.06,0,0,0.06,0,0.5,0.12,0.44,0.12,0.12,0.25,0.12,0.06,"0.00 0.06 0.00 0.00 0.06 0.00 0.50 0.12 0.44 0.12 0.12 0.25 0.12 0.06   "
"2024-11-05 19:23:00",278,12.48,19.5,-0.06,0.06,0,-0.06,0.06,0,0.5,0.19,0.44,0.12,0.12,0.25,0.12,0.06,"-0.06 0.06 0.00 -0.06 0.06 0.00 0.50 0.19 0.44 0.12 0.12 0.25 0.12 0.06   "
"2024-11-05 19:24:00",279,12.48,19.49,0,0.06,0,0,0.06,0,0.5,0.19,0.44,0.12,0.19,0.25,0.12,0.06,"0.00 0.06 0.00 0.00 0.06 0.00 0.50 0.19 0.44 0.12 0.19 0.25 0.12 0.06   "
"2024-11-05 19:25:00",280,12.48,19.49,-0.06,0.06,0,-0.06,0.06,0,0.5,0.19,0.44,0.12,0.12,0.25,0.12,0.06,"-0.06 0.06 0.00 -0.06 0.06 0.00 0.50 0.19 0.44 0.12 0.12 0.25 0.12 0.06   "
"2024-11-05 19:26:00",281,12.48,19.48,-0.06,0.06,0,-0.06,0.06,0,0.5,0.12,0.37,0.19,0.19,0.31,0.12,0.06,"-0.06 0.06 0.00 -0.06 0.06 0.00 0.50 0.12 0.37 0.19 0.19 0.31 0.12 0.06   "
"2024-11-05 19:27:00",282,12.48,19.48,-0.06,0.06,0.5,-0.06,0.06,0,0.5,0.19,0.37,0.19,0.12,0.25,0.12,0.06,"-0.06 0.06 0.50 -0.06 0.06 0.00 0.50 0.19 0.37 0.19 0.12 0.25 0.12 0.06   "
"2024-11-05 19:28:00",283,12.48,19.48,-0.06,0.06,0,-0.06,0.06,0,0.5,0.12,0.37,0.12,0.19,0.25,0.12,0.06,"-0.06 0.06 0.00 -0.06 0.06 0.00 0.50 0.12 0.37 0.12 0.19 0.25 0.12 0.06   "
"2024-11-05 19:29:00",284,12.48,19.48,-0.06,0.06,0,-0.06,0.06,0,0.5,0.19,0.44,0.12,0.12,0.25,0.12,0.06,"-0.06 0.06 0.00 -0.06 0.06 0.00 0.50 0.19 0.44 0.12 0.12 0.25 0.12 0.06   "
"2024-11-05 19:30:00",285,12.48,19.48,-0.06,0.06,0,-0.06,0.06,0,0.5,0.12,0.44,0.12,0.12,0.25,0.12,0.06,"-0.06 0.06 0.00 -0.06 0.06 0.00 0.50 0.12 0.44 0.12 0.12 0.25 0.12 0.06   "
"2024-11-05 19:31:00",286,12.48,19.48,-0.06,0.06,0,-0.06,0.06,0,0.5,0.12,0.44,0.12,0.12,0.25,0.12,0.06,"-0.06 0.06 0.00 -0.06 0.06 0.00 0.50 0.12 0.44 0.12 0.12 0.25 0.12 0.06   "
"2024-11-05 19:32:00",287,12.48,19.48,-0.06,0.06,0,-0.06,0.06,0,0.5,0.12,0.44,0.12,0.12,0.25,0.12,0.06,"-0.06 0.06 0.00 -0.06 0.06 0.00 0.50 0.12 0.44 0.12 0.12 0.25 0.12 0.06   "
"2024-11-05 19:33:00",288,12.48,19.48,-0.06,0.06,0,-0.06,0.06,0,0.5,0.12,0.5,0.12,0.19,0.31,0.12,0.06,"-0.06 0.06 0.00 -0.06 0.06 0.00 0.50 0.12 0.50 0.12 0.19 0.31 0.12 0.06   "
"2024-11-05 19:34:00",289,12.48,19.49,-0.06,0.06,0,-0.06,0.06,0,0.5,0.12,0.5,0.12,0.19,0.31,0.12,0.06,"-0.06 0.06 0.00 -0.06 0.06 0.00 0.50 0.12 0.50 0.12 0.19 0.31 0.12 0.06   "
"2024-11-05 19:35:00",290,12.48,19.49,-0.06,0.06,0,-0.06,0.06,0,0.5,0.12,0.5,0.12,0.19,0.31,0.12,0.06,"-0.06 0.06 0.00 -0.06 0.06 0.00 0.50 0.12 0.50 0.12 0.19 0.31 0.12 0.06   "
"2024-11-05 19:36:00",291,12.48,19.51,-0.06,0.06,0.5,-0.06,0.06,0,0.5,0.19,0.44,0.12,0.19,0.25,0.12,0.06,"-0.06 0.06 0.50 -0.06 0.06 0.00 0.50 0.19 0.44 0.12 0.19 0.25 0.12 0.06   "
"2024-11-05 19:37:00",292,12.48,19.52,-0.06,0.12,0.5,-0.06,0,0,0.5,0.12,0.44,0.12,0.19,0.31,0.12,0.12,"-0.06 0.12 0.50 -0.06 0.00 0.00 0.50 0.12 0.44 0.12 0.19 0.31 0.12 0.12   "
"2024-11-05 19:38:00",293,12.47,19.53,-0.06,0.06,0,-0.06,0,0,0.5,0.12,0.44,0.12,0.19,0.31,0.12,0.06,"-0.06 0.06 0.00 -0.06 0.00 0.00 0.50 0.12 0.44 0.12 0.19 0.31 0.12 0.06   "
"2024-11-05 19:39:00",294,12.48,19.54,-0.06,0.06,0,-0.06,0.06,0,0.5,0.12,0.44,0.12,0.12,0.31,0.12,0.06,"-0.06 0.06 0.00 -0.06 0.06 0.00 0.50 0.12 0.44 0.12 0.12 0.31 0.12 0.06   "
"2024-11-05 19:40:00",295,12.48,19.54,-0.06,0.06,0,-0.06,0.06,0,0.5,0.19,0.44,0.12,0.19,0.31,0.12,0.06,"-0.06 0.06 0.00 -0.06 0.06 0.00 0.50 0.19 0.44 0.12 0.19 0.31 0.12 0.06   "
"2024-11-05 19:41:00",296,12.48,19.55,-0.06,0.06,0,-0.06,0.06,0,0.5,0.12,0.44,0.12,0.19,0.31,0.12,0.12,"-0.06 0.06 0.00 -0.06 0.06 0.00 0.50 0.12 0.44 0.12 0.19 0.31 0.12 0.12   "
"2024-11-05 19:42:00",297,12.48,19.55,-0.06,0.06,0,-0.06,0.06,0,0.5,0.12,0.5,0.12,0.19,0.31,0.12,0.06,"-0.06 0.06 0.00 -0.06 0.06 0.00 0.50 0.12 0.50 0.12 0.19 0.31 0.12 0.06   "
"2024-11-05 19:43:00",298,12.48,19.56,-0.06,0.06,0,-0.06,0.06,0,0.5,0.12,0.5,0.12,0.12,0.37,0.12,0.06,"-0.06 0.06 0.00 -0.06 0.06 0.00 0.50 0.12 0.50 0.12 0.12 0.37 0.12 0.06   "
"2024-11-05 19:44:00",299,12.48,19.56,-0.06,0.06,0,-0.06,0,0,0.5,0.12,0.5,0.12,0.19,0.37,0.12,0.06,"-0.06 0.06 0.00 -0.06 0.00 0.00 0.50 0.12 0.50 0.12 0.19 0.37 0.12 0.06   "
"2024-11-05 19:45:00",300,12.48,19.56,-0.06,0.06,0,-0.06,0.06,0,0.5,0.12,0.5,0.12,0.19,0.37,0.12,0.06,"-0.06 0.06 0.00 -0.06 0.06 0.00 0.50 0.12 0.50 0.12 0.19 0.37 0.12 0.06   "
"2024-11-05 19:46:00",301,12.48,19.56,-0.06,0.06,0,-0.06,0.06,0,0.5,0.19,0.5,0.12,0.19,0.37,0.19,0.06,"-0.06 0.06 0.00 -0.06 0.06 0.00 0.50 0.19 0.50 0.12 0.19 0.37 0.19 0.06   "
"2024-11-05 19:47:00",302,12.48,19.56,-0.06,0.06,0,-0.06,0.06,0,0.5,0.19,0.5,0.12,0.19,0.37,0.12,0.06,"-0.06 0.06 0.00 -0.06 0.06 0.00 0.50 0.19 0.50 0.12 0.19 0.37 0.12 0.06   "
"2024-11-05 19:48:00",303,12.48,19.56,-0.06,0.06,0.5,-0.06,0,0,0.5,0.19,0.44,0.12,0.19,0.31,0.12,0.06,"-0.06 0.06 0.50 -0.06 0.00 0.00 0.50 0.19 0.44 0.12 0.19 0.31 0.12 0.06   "
"2024-11-05 19:49:00",304,12.48,19.55,-0.06,0.06,0,-0.06,0.06,0,0.5,0.19,0.44,0.12,0.19,0.31,0.12,0.12,"-0.06 0.06 0.00 -0.06 0.06 0.00 0.50 0.19 0.44 0.12 0.19 0.31 0.12 0.12   "
"2024-11-05 19:50:00",305,12.48,19.55,-0.06,0.06,0,-0.06,0.06,0,0.5,0.12,0.37,0.12,0.19,0.31,0.12,0.06,"-0.06 0.06 0.00 -0.06 0.06 0.00 0.50 0.12 0.37 0.12 0.19 0.31 0.12 0.06   "
"2024-11-05 19:51:00",306,12.48,19.54,-0.06,0.06,0,-0.06,0.06,0,0.5,0.12,0.37,0.12,0.12,0.31,0.12,0.12,"-0.06 0.06 0.00 -0.06 0.06 0.00 0.50 0.12 0.37 0.12 0.12 0.31 0.12 0.12   "
"2024-11-05 19:52:00",307,12.48,19.53,-0.06,0.06,0,-0.06,0.06,0,0.5,0.19,0.37,0.12,0.19,0.31,0.12,0.06,"-0.06 0.06 0.00 -0.06 0.06 0.00 0.50 0.19 0.37 0.12 0.19 0.31 0.12 0.06   "
"2024-11-05 19:53:00",308,12.48,19.52,-0.06,0.06,0,-0.06,0.06,0,0.5,0.19,0.37,0.12,0.19,0.37,0.12,0.06,"-0.06 0.06 0.00 -0.06 0.06 0.00 0.50 0.19 0.37 0.12 0.19 0.37 0.12 0.06   "
"2024-11-05 19:54:00",309,12.48,19.51,-0.06,0.06,0.5,-0.06,0,0,0.5,0.19,0.37,0.12,0.12,0.37,0.12,0.12,"-0.06 0.06 0.50 -0.06 0.00 0.00 0.50 0.19 0.37 0.12 0.12 0.37 0.12 0.12   "
"2024-11-05 19:55:00",310,12.48,19.5,0,0.06,0,0,0.06,0,0.5,0.19,0.37,0.12,0.12,0.37,0.12,0.06,"0.00 0.06 0.00 0.00 0.06 0.00 0.50 0.19 0.37 0.12 0.12 0.37 0.12 0.06   "
"2024-11-05 19:56:00",311,12.48,19.49,-0.06,0.06,0.5,-0.06,0.06,0,0.5,0.12,0.37,0.12,0.12,0.31,0.12,0.12,"-0.06 0.06 0.50 -0.06 0.06 0.00 0.50 0.12 0.37 0.12 0.12 0.31 0.12 0.12   "
"2024-11-06 01:46:00",312,12.48,19.3,-0.06,0.12,0.5,0.19,0.06,0,0.5,0.19,0.31,0.19,0.19,0.69,0.31,0.19,"-0.06 0.12 0.50 0.19 0.06 0.00 0.50 0.19 0.31 0.19 0.19 0.69 0.31 0.19   "
"2024-11-06 01:47:00",313,12.48,19.31,-0.06,0.12,0.5,0.19,0.12,0,0.5,0.19,0.31,0.19,0.19,0.69,0.31,0.19,"-0.06 0.12 0.50 0.19 0.12 0.00 0.50 0.19 0.31 0.19 0.19 0.69 0.31 0.19   "
"2024-11-06 01:48:00",314,12.48,19.31,-0.06,0.12,0.5,0.19,0.06,0,0.5,0.19,0.31,0.19,0.19,0.69,0.31,0.19,"-0.06 0.12 0.50 0.19 0.06 0.00 0.50 0.19 0.31 0.19 0.19 0.69 0.31 0.19   "
"2024-11-06 01:49:00",315,12.48,19.31,-0.06,0.12,0.5,0.19,0.12,0,0.5,0.19,0.31,0.19,0.19,0.69,0.31,0.19,"-0.06 0.12 0.50 0.19 0.12 0.00 0.50 0.19 0.31 0.19 0.19 0.69 0.31 0.19   "
"2024-11-06 01:50:00",316,12.47,19.31,-0.06,0.12,0.5,0.25,0.06,0,0.5,0.19,0.31,0.19,0.19,0.69,0.31,0.19,"-0.06 0.12 0.50 0.25 0.06 0.00 0.50 0.19 0.31 0.19 0.19 0.69 0.31 0.19   "
"2024-11-06 01:51:00",317,12.48,19.31,-0.06,0.12,0.5,0.19,0.12,0,0.5,0.19,0.31,0.19,0.19,0.69,0.31,0.19,"-0.06 0.12 0.50 0.19 0.12 0.00 0.50 0.19 0.31 0.19 0.19 0.69 0.31 0.19   "
"2024-11-06 01:52:00",318,12.48,19.3,-0.06,0.12,0.5,0.25,0.12,0,0.5,0.19,0.31,0.19,0.19,0.69,0.31,0.19,"-0.06 0.12 0.50 0.25 0.12 0.00 0.50 0.19 0.31 0.19 0.19 0.69 0.31 0.19   "
"2024-11-06 01:53:00",319,12.48,19.29,-0.06,0.12,0.5,0.25,0.06,0,0.5,0.19,0.31,0.19,0.19,0.69,0.31,0.25,"-0.06 0.12 0.50 0.25 0.06 0.00 0.50 0.19 0.31 0.19 0.19 0.69 0.31 0.25   "
"2024-11-06 01:54:00",320,12.48,19.28,0,0.12,0.5,0.19,0.06,0,0.5,0.19,0.31,0.19,0.19,0.69,0.31,0.19,"0.00 0.12 0.50 0.19 0.06 0.00 0.50 0.19 0.31 0.19 0.19 0.69 0.31 0.19   "
"2024-11-06 01:55:00",321,12.48,19.27,-0.06,0.12,0.5,0.19,0.06,0,0.5,0.19,0.31,0.19,0.19,0.69,0.31,0.19,"-0.06 0.12 0.50 0.19 0.06 0.00 0.50 0.19 0.31 0.19 0.19 0.69 0.31 0.19   "
"2024-11-06 01:56:00",322,12.48,19.26,-0.06,0.12,0.5,0.25,0.12,0,0.5,0.19,0.31,0.19,0.19,0.69,0.31,0.19,"-0.06 0.12 0.50 0.25 0.12 0.00 0.50 0.19 0.31 0.19 0.19 0.69 0.31 0.19   "
"2024-11-06 01:57:00",323,12.48,19.25,-0.06,0.12,0.5,0.19,0.12,0,0.5,0.19,0.31,0.19,0.19,0.69,0.31,0.19,"-0.06 0.12 0.50 0.19 0.12 0.00 0.50 0.19 0.31 0.19 0.19 0.69 0.31 0.19   "
"2024-11-06 01:58:00",324,12.48,19.24,-0.06,0.12,0.5,0.19,0.12,0,0.5,0.19,0.31,0.19,0.19,0.69,0.31,0.19,"-0.06 0.12 0.50 0.19 0.12 0.00 0.50 0.19 0.31 0.19 0.19 0.69 0.31 0.19   "
"2024-11-06 01:59:00",325,12.48,19.22,0,0.12,0.5,0.25,0.12,0,0.5,0.19,0.31,0.19,0.19,0.69,0.31,0.19,"0.00 0.12 0.50 0.25 0.12 0.00 0.50 0.19 0.31 0.19 0.19 0.69 0.31 0.19   "
"2024-11-06 02:00:00",326,12.48,19.21,-0.06,0.12,0.5,0.25,0.12,0,0.5,0.19,0.31,0.19,0.19,0.69,0.31,0.19,"-0.06 0.12 0.50 0.25 0.12 0.00 0.50 0.19 0.31 0.19 0.19 0.69 0.31 0.19   "
"2024-11-06 02:01:00",327,12.48,19.2,-0.06,0.12,0.5,0.25,0.12,0,0.5,0.12,0.31,0.19,0.19,0.75,0.31,0.25,"-0.06 0.12 0.50 0.25 0.12 0.00 0.50 0.12 0.31 0.19 0.19 0.75 0.31 0.25   "
"2024-11-06 02:02:00",328,12.47,19.19,-0.06,0.12,0.5,0.25,0.12,0,0.5,0.19,0.31,0.19,0.19,0.75,0.31,0.19,"-0.06 0.12 0.50 0.25 0.12 0.00 0.50 0.19 0.31 0.19 0.19 0.75 0.31 0.19   "
"2024-11-06 02:03:00",329,12.48,19.18,-0.06,0.12,0.5,0.25,0.12,0,0.5,0.19,0.31,0.19,0.19,0.75,0.31,0.19,"-0.06 0.12 0.50 0.25 0.12 0.00 0.50 0.19 0.31 0.19 0.19 0.75 0.31 0.19   "
"2024-11-06 02:04:00",330,12.48,19.18,-0.06,0.12,0.5,0.25,0.12,0,0.5,0.19,0.31,0.19,0.19,0.75,0.31,0.19,"-0.06 0.12 0.50 0.25 0.12 0.00 0.50 0.19 0.31 0.19 0.19 0.75 0.31 0.19   "
"2024-11-06 02:05:00",331,12.48,19.17,0,0.12,0.5,0.25,0.12,0,0.5,0.19,0.31,0.19,0.19,0.75,0.31,0.19,"0.00 0.12 0.50 0.25 0.12 0.00 0.50 0.19 0.31 0.19 0.19 0.75 0.31 0.19   "
"2024-11-06 02:06:00",332,12.48,19.17,-0.06,0.12,0.5,0.25,0.12,0,0.5,0.19,0.31,0.19,0.19,0.75,0.31,0.25,"-0.06 0.12 0.50 0.25 0.12 0.00 0.50 0.19 0.31 0.19 0.19 0.75 0.31 0.25   "
"2024-11-06 02:07:00",333,12.48,19.17,-0.06,0.12,0.5,0.19,0.12,0,0.5,0.19,0.31,0.19,0.19,0.81,0.31,0.25,"-0.06 0.12 0.50 0.19 0.12 0.00 0.50 0.19 0.31 0.19 0.19 0.81 0.31 0.25   "
"2024-11-06 02:08:00",334,12.47,19.18,-0.06,0.12,0.5,0.25,0.12,0,0.5,0.19,0.31,0.19,0.19,0.75,0.31,0.19,"-0.06 0.12 0.50 0.25 0.12 0.00 0.50 0.19 0.31 0.19 0.19 0.75 0.31 0.19   "
"2024-11-06 02:09:00",335,12.48,19.18,-0.06,0.12,0.5,0.25,0.12,0,0.5,0.19,0.31,0.19,0.19,0.81,0.31,0.19,"-0.06 0.12 0.50 0.25 0.12 0.00 0.50 0.19 0.31 0.19 0.19 0.81 0.31 0.19   "
"2024-11-06 02:10:00",336,12.47,19.18,-0.06,0.12,0.5,0.25,0.12,0,0.5,0.19,0.31,0.19,0.19,0.81,0.31,0.25,"-0.06 0.12 0.50 0.25 0.12 0.00 0.50 0.19 0.31 0.19 0.19 0.81 0.31 0.25   "
"2024-11-06 02:11:00",337,12.48,19.19,-0.06,0.12,0.5,0.25,0.12,0,0.5,0.19,0.31,0.19,0.19,0.81,0.31,0.25,"-0.06 0.12 0.50 0.25 0.12 0.00 0.50 0.19 0.31 0.19 0.19 0.81 0.31 0.25   "
"2024-11-06 02:12:00",338,12.48,19.19,0,0.12,0.5,0.25,0.12,0,0.5,0.19,0.31,0.19,0.19,0.81,0.31,0.25,"0.00 0.12 0.50 0.25 0.12 0.00 0.50 0.19 0.31 0.19 0.19 0.81 0.31 0.25   "
"2024-11-06 02:13:00",339,12.48,19.19,-0.06,0.12,0.5,0.25,0.12,0,0.5,0.19,0.31,0.19,0.19,0.81,0.31,0.19,"-0.06 0.12 0.50 0.25 0.12 0.00 0.50 0.19 0.31 0.19 0.19 0.81 0.31 0.19   "
"2024-11-06 02:14:00",340,12.48,19.19,-0.06,0.12,0.5,0.25,0.12,0,0.5,0.19,0.31,0.19,0.19,0.81,0.31,0.25,"-0.06 0.12 0.50 0.25 0.12 0.00 0.50 0.19 0.31 0.19 0.19 0.81 0.31 0.25   "
"2024-11-06 02:15:00",341,12.48,19.2,-0.06,0.12,0.5,0.25,0.12,0,0.5,0.19,0.31,0.19,0.19,0.81,0.37,0.25,"-0.06 0.12 0.50 0.25 0.12 0.00 0.50 0.19 0.31 0.19 0.19 0.81 0.37 0.25   "
"2024-11-06 02:16:00",342,12.48,19.2,-0.06,0.12,0.5,0.25,0.12,0,0.5,0.19,0.31,0.19,0.19,0.81,0.31,0.25,"-0.06 0.12 0.50 0.25 0.12 0.00 0.50 0.19 0.31 0.19 0.19 0.81 0.31 0.25   "
"2024-11-06 02:17:00",343,12.48,19.2,-0.06,0.12,0.5,0.25,0.12,0,0.5,0.19,0.31,0.19,0.19,0.81,0.31,0.25,"-0.06 0.12 0.50 0.25 0.12 0.00 0.50 0.19 0.31 0.19 0.19 0.81 0.31 0.25   "
"2024-11-06 02:18:00",344,12.48,19.21,-0.06,0.12,0.5,0.25,0.12,0,0.5,0.19,0.31,0.19,0.19,0.81,0.31,0.25,"-0.06 0.12 0.50 0.25 0.12 0.00 0.50 0.19 0.31 0.19 0.19 0.81 0.31 0.25   "
"2024-11-06 02:19:00",345,12.48,19.21,-0.06,0.12,0.5,0.25,0.12,0,0.5,0.19,0.31,0.19,0.19,0.81,0.31,0.25,"-0.06 0.12 0.50 0.25 0.12 0.00 0.50 0.19 0.31 0.19 0.19 0.81 0.31 0.25   "
"2024-11-06 02:20:00",346,12.48,19.22,-0.06,0.12,0.5,0.19,0.12,0,0.5,0.19,0.31,0.19,0.19,0.81,0.37,0.25,"-0.06 0.12 0.50 0.19 0.12 0.00 0.50 0.19 0.31 0.19 0.19 0.81 0.37 0.25   "
"2024-11-06 02:21:00",347,12.48,19.22,-0.06,0.12,0.5,0.25,0.12,0,0.5,0.19,0.31,0.19,0.19,0.81,0.31,0.25,"-0.06 0.12 0.50 0.25 0.12 0.00 0.50 0.19 0.31 0.19 0.19 0.81 0.31 0.25   "
"2024-11-06 02:22:00",348,12.48,19.23,-0.06,0.19,0.5,0.25,0.12,0,0.5,0.19,0.31,0.19,0.19,0.81,0.31,0.25,"-0.06 0.19 0.50 0.25 0.12 0.00 0.50 0.19 0.31 0.19 0.19 0.81 0.31 0.25   "
"2024-11-06 02:23:00",349,12.48,19.24,-0.06,0.12,0.5,0.25,0.12,0,0.5,0.19,0.31,0.19,0.19,0.81,0.31,0.25,"-0.06 0.12 0.50 0.25 0.12 0.00 0.50 0.19 0.31 0.19 0.19 0.81 0.31 0.25   "
"2024-11-06 02:24:00",350,12.48,19.24,-0.06,0.12,0.5,0.25,0.12,0,0.5,0.19,0.31,0.19,0.19,0.81,0.31,0.25,"-0.06 0.12 0.50 0.25 0.12 0.00 0.50 0.19 0.31 0.19 0.19 0.81 0.31 0.25   "
"2024-11-06 02:25:00",351,12.48,19.24,0,0.12,0.5,0.25,0.12,0,0.5,0.19,0.31,0.19,0.19,0.81,0.31,0.25,"0.00 0.12 0.50 0.25 0.12 0.00 0.50 0.19 0.31 0.19 0.19 0.81 0.31 0.25   "
"2024-11-06 02:26:00",352,12.48,19.25,0,0.12,0.5,0.25,0.12,0,0.5,0.19,0.31,0.19,0.19,0.81,0.31,0.25,"0.00 0.12 0.50 0.25 0.12 0.00 0.50 0.19 0.31 0.19 0.19 0.81 0.31 0.25   "
"2024-11-06 02:27:00",353,12.48,19.25,0,0.12,0.5,0.25,0.12,0,0.5,0.19,0.31,0.19,0.19,0.81,0.31,0.25,"0.00 0.12 0.50 0.25 0.12 0.00 0.50 0.19 0.31 0.19 0.19 0.81 0.31 0.25   "
"2024-11-06 02:28:00",354,12.48,19.25,-0.06,0.12,0.5,0.25,0.12,0,0.5,0.19,0.31,0.19,0.19,0.81,0.31,0.25,"-0.06 0.12 0.50 0.25 0.12 0.00 0.50 0.19 0.31 0.19 0.19 0.81 0.31 0.25   "
"2024-11-06 02:29:00",355,12.47,19.24,0,0.19,0.5,0.25,0.12,0,0.5,0.19,0.31,0.19,0.19,0.81,0.31,0.25,"0.00 0.19 0.50 0.25 0.12 0.00 0.50 0.19 0.31 0.19 0.19 0.81 0.31 0.25   "
"2024-11-06 02:30:00",356,12.48,19.24,0,0.19,0.5,0.25,0.12,0,0.5,0.19,0.31,0.19,0.19,0.81,0.31,0.25,"0.00 0.19 0.50 0.25 0.12 0.00 0.50 0.19 0.31 0.19 0.19 0.81 0.31 0.25   "
"2024-11-06 02:31:00",357,12.48,19.24,0,0.12,0.5,0.25,0.12,0,0.5,0.19,0.31,0.19,0.19,0.81,0.37,0.25,"0.00 0.12 0.50 0.25 0.12 0.00 0.50 0.19 0.31 0.19 0.19 0.81 0.37 0.25   "
"2024-11-06 02:32:00",358,12.48,19.23,0,0.12,0.5,0.25,0.12,0,0.5,0.19,0.31,0.19,0.19,0.88,0.37,0.25,"0.00 0.12 0.50 0.25 0.12 0.00 0.50 0.19 0.31 0.19 0.19 0.88 0.37 0.25   "
"2024-11-06 02:33:00",359,12.48,19.22,-0.06,0.12,0.5,0.25,0.12,0,0.5,0.19,0.31,0.19,0.19,0.81,0.31,0.25,"-0.06 0.12 0.50 0.25 0.12 0.00 0.50 0.19 0.31 0.19 0.19 0.81 0.31 0.25   "
"2024-11-06 02:34:00",360,12.48,19.21,-0.06,0.12,0.5,0.31,0.12,0,0.5,0.19,0.31,0.19,0.19,0.81,0.37,0.25,"-0.06 0.12 0.50 0.31 0.12 0.00 0.50 0.19 0.31 0.19 0.19 0.81 0.37 0.25   "
"2024-11-06 02:35:00",361,12.48,19.2,-0.06,0.12,0.5,0.25,0.12,0,0.5,0.19,0.31,0.19,0.19,0.81,0.37,0.25,"-0.06 0.12 0.50 0.25 0.12 0.00 0.50 0.19 0.31 0.19 0.19 0.81 0.37 0.25   "
"2024-11-06 02:36:00",362,12.48,19.19,-0.06,0.12,0.5,0.25,0.12,0,0.5,0.19,0.31,0.19,0.19,0.81,0.37,0.25,"-0.06 0.12 0.50 0.25 0.12 0.00 0.50 0.19 0.31 0.19 0.19 0.81 0.37 0.25   "
"2024-11-06 02:37:00",363,12.48,19.18,-0.06,0.19,0.5,0.25,0.12,0,0.5,0.19,0.31,0.19,0.19,0.81,0.37,0.25,"-0.06 0.19 0.50 0.25 0.12 0.00 0.50 0.19 0.31 0.19 0.19 0.81 0.37 0.25   "
"2024-11-06 02:38:00",364,12.48,19.18,-0.06,0.19,0.5,0.25,0.12,0,0.5,0.19,0.31,0.19,0.19,0.88,0.37,0.25,"-0.06 0.19 0.50 0.25 0.12 0.00 0.50 0.19 0.31 0.19 0.19 0.88 0.37 0.25   "
"2024-11-06 02:39:00",365,12.48,19.17,-0.06,0.12,0.5,0.25,0.12,0,0.5,0.19,0.31,0.19,0.19,0.88,0.37,0.25,"-0.06 0.12 0.50 0.25 0.12 0.00 0.50 0.19 0.31 0.19 0.19 0.88 0.37 0.25   "
"2024-11-06 02:40:00",366,12.48,19.16,-0.06,0.19,0.5,0.25,0.12,0,0.5,0.19,0.31,0.19,0.19,0.88,0.37,0.31,"-0.06 0.19 0.50 0.25 0.12 0.00 0.50 0.19 0.31 0.19 0.19 0.88 0.37 0.31   "
"2024-11-06 02:41:00",367,12.48,19.16,-0.06,0.12,0.5,0.25,0.12,0,0.5,0.19,0.31,0.19,0.19,0.88,0.37,0.25,"-0.06 0.12 0.50 0.25 0.12 0.00 0.50 0.19 0.31 0.19 0.19 0.88 0.37 0.25   "
"2024-11-06 02:42:00",368,12.48,19.16,0,0.19,0.5,0.25,0.12,0,0.5,0.19,0.31,0.19,0.19,0.88,0.37,0.31,"0.00 0.19 0.50 0.25 0.12 0.00 0.50 0.19 0.31 0.19 0.19 0.88 0.37 0.31   "
"2024-11-06 02:43:00",369,12.48,19.16,-0.06,0.12,0.5,0.25,0.12,0,0.5,0.19,0.31,0.19,0.19,0.88,0.37,0.25,"-0.06 0.12 0.50 0.25 0.12 0.00 0.50 0.19 0.31 0.19 0.19 0.88 0.37 0.25   "
"2024-11-06 02:44:00",370,12.48,19.16,-0.06,0.19,0.5,0.25,0.12,0,0.5,0.19,0.31,0.19,0.19,0.81,0.37,0.31,"-0.06 0.19 0.50 0.25 0.12 0.00 0.50 0.19 0.31 0.19 0.19 0.81 0.37 0.31   "
"2024-11-06 02:45:00",371,12.48,19.17,-0.06,0.19,0.5,0.25,0.12,0,0.5,0.19,0.31,0.19,0.19,0.88,0.37,0.31,"-0.06 0.19 0.50 0.25 0.12 0.00 0.50 0.19 0.31 0.19 0.19 0.88 0.37 0.31   "
"2024-11-06 02:46:00",372,12.48,19.17,-0.06,0.12,0.5,0.25,0.19,0,0.5,0.19,0.31,0.19,0.19,0.81,0.31,0.31,"-0.06 0.12 0.50 0.25 0.19 0.00 0.50 0.19 0.31 0.19 0.19 0.81 0.31 0.31   "
"2024-11-06 02:47:00",373,12.47,19.17,0,0.19,0.5,0.25,0.12,0,0.5,0.19,0.31,0.19,0.19,0.88,0.37,0.31,"0.00 0.19 0.50 0.25 0.12 0.00 0.50 0.19 0.31 0.19 0.19 0.88 0.37 0.31   "
"2024-11-06 02:48:00",374,12.47,19.18,0,0.19,0.5,0.25,0.12,0,0.5,0.19,0.31,0.19,0.19,0.81,0.37,0.31,"0.00 0.19 0.50 0.25 0.12 0.00 0.50 0.19 0.31 0.19 0.19 0.81 0.37 0.31   "
"2024-11-06 02:49:00",375,12.48,19.18,-0.06,0.19,0.5,0.25,0.12,0,0.5,0.19,0.31,0.19,0.19,0.88,0.37,0.31,"-0.06 0.19 0.50 0.25 0.12 0.00 0.50 0.19 0.31 0.19 0.19 0.88 0.37 0.31   "
"2024-11-06 02:50:00",376,12.48,19.19,0,0.19,0.5,0.25,0.12,0,0.5,0.19,0.31,0.19,0.19,0.88,0.37,0.31,"0.00 0.19 0.50 0.25 0.12 0.00 0.50 0.19 0.31 0.19 0.19 0.88 0.37 0.31   "
"2024-11-06 02:51:00",377,12.48,19.19,0,0.12,0.5,0.25,0.19,0,0.5,0.19,0.31,0.19,0.19,0.88,0.37,0.31,"0.00 0.12 0.50 0.25 0.19 0.00 0.50 0.19 0.31 0.19 0.19 0.88 0.37 0.31   "
"2024-11-06 02:52:00",378,12.48,19.2,-0.06,0.19,0.5,0.25,0.19,0,0.5,0.19,0.31,0.19,0.19,0.88,0.37,0.31,"-0.06 0.19 0.50 0.25 0.19 0.00 0.50 0.19 0.31 0.19 0.19 0.88 0.37 0.31   "
"2024-11-06 02:53:00",379,12.48,19.2,0,0.19,0.5,0.25,0.12,0,0.5,0.19,0.31,0.19,0.25,0.88,0.37,0.31,"0.00 0.19 0.50 0.25 0.12 0.00 0.50 0.19 0.31 0.19 0.25 0.88 0.37 0.31   "
"2024-11-06 02:54:00",380,12.48,19.2,-0.06,0.19,0.5,0.25,0.12,0,0.5,0.19,0.31,0.25,0.19,0.88,0.37,0.31,"-0.06 0.19 0.50 0.25 0.12 0.00 0.50 0.19 0.31 0.25 0.19 0.88 0.37 0.31   "
"2024-11-06 02:55:00",381,12.48,19.21,0,0.19,0.5,0.31,0.12,0,0.5,0.19,0.31,0.19,0.19,0.88,0.37,0.31,"0.00 0.19 0.50 0.31 0.12 0.00 0.50 0.19 0.31 0.19 0.19 0.88 0.37 0.31   "
"2024-11-06 02:56:00",382,12.48,19.21,-0.06,0.19,0.5,0.25,0.12,0,0.5,0.19,0.31,0.19,0.19,0.94,0.37,0.37,"-0.06 0.19 0.50 0.25 0.12 0.00 0.50 0.19 0.31 0.19 0.19 0.94 0.37 0.37   "
"2024-11-06 02:57:00",383,12.48,19.22,0,0.19,0.5,0.25,0.12,0,0.5,0.19,0.31,0.19,0.19,0.94,0.37,0.37,"0.00 0.19 0.50 0.25 0.12 0.00 0.50 0.19 0.31 0.19 0.19 0.94 0.37 0.37   "
"2024-11-06 02:58:00",384,12.48,19.22,-0.06,0.19,0.5,0.25,0.19,0,0.5,0.19,0.31,0.19,0.19,0.94,0.37,0.31,"-0.06 0.19 0.50 0.25 0.19 0.00 0.50 0.19 0.31 0.19 0.19 0.94 0.37 0.31   "
"2024-11-06 02:59:00",385,12.48,19.22,-0.06,0.19,0.5,0.25,0.12,0,0.5,0.19,0.31,0.19,0.19,0.94,0.37,0.31,"-0.06 0.19 0.50 0.25 0.12 0.00 0.50 0.19 0.31 0.19 0.19 0.94 0.37 0.31   "
"2024-11-06 03:00:00",386,12.48,19.23,-0.06,0.19,0.5,0.25,0.19,0,0.5,0.19,0.31,0.19,0.19,0.88,0.37,0.37,"-0.06 0.19 0.50 0.25 0.19 0.00 0.50 0.19 0.31 0.19 0.19 0.88 0.37 0.37   "
"2024-11-06 03:01:00",387,12.48,19.23,-0.06,0.19,0.5,0.25,0.19,0,0.5,0.19,0.31,0.19,0.19,0.94,0.37,0.37,"-0.06 0.19 0.50 0.25 0.19 0.00 0.50 0.19 0.31 0.19 0.19 0.94 0.37 0.37   "
"2024-11-06 03:02:00",388,12.47,19.23,0,0.19,0.5,0.25,0.12,0,0.5,0.19,0.31,0.19,0.19,0.94,0.37,0.37,"0.00 0.19 0.50 0.25 0.12 0.00 0.50 0.19 0.31 0.19 0.19 0.94 0.37 0.37   "
"2024-11-06 03:03:00",389,12.47,19.22,-0.06,0.19,0.5,0.31,0.19,0,0.5,0.19,0.31,0.19,0.19,0.94,0.37,0.37,"-0.06 0.19 0.50 0.31 0.19 0.00 0.50 0.19 0.31 0.19 0.19 0.94 0.37 0.37   "
"2024-11-06 03:04:00",390,12.47,19.22,-0.06,0.19,0.5,0.31,0.12,0,0.5,0.19,0.31,0.19,0.19,0.94,0.37,0.37,"-0.06 0.19 0.50 0.31 0.12 0.00 0.50 0.19 0.31 0.19 0.19 0.94 0.37 0.37   "
"2024-11-06 03:05:00",391,12.47,19.21,-0.06,0.19,0.5,0.31,0.19,0,0.5,0.12,0.31,0.19,0.19,0.94,0.37,0.44,"-0.06 0.19 0.50 0.31 0.19 0.00 0.50 0.12 0.31 0.19 0.19 0.94 0.37 0.44   "
"2024-11-06 03:06:00",392,12.47,19.21,-0.06,0.19,0.5,0.25,0.19,0,0.5,0.19,0.31,0.19,0.19,0.94,0.37,0.37,"-0.06 0.19 0.50 0.25 0.19 0.00 0.50 0.19 0.31 0.19 0.19 0.94 0.37 0.37   "
"2024-11-06 03:07:00",393,12.47,19.2,0,0.19,0.5,0.25,0.19,0,0.5,0.19,0.31,0.19,0.25,0.94,0.37,0.37,"0.00 0.19 0.50 0.25 0.19 0.00 0.50 0.19 0.31 0.19 0.25 0.94 0.37 0.37   "
"2024-11-06 03:08:00",394,12.47,19.19,-0.06,0.19,0.5,0.31,0.19,0,0.5,0.19,0.31,0.19,0.19,0.94,0.37,0.44,"-0.06 0.19 0.50 0.31 0.19 0.00 0.50 0.19 0.31 0.19 0.19 0.94 0.37 0.44   "
"2024-11-06 03:09:00",395,12.48,19.19,0,0.19,0.5,0.31,0.19,0,0.5,0.19,0.31,0.19,0.19,0.94,0.37,0.44,"0.00 0.19 0.50 0.31 0.19 0.00 0.50 0.19 0.31 0.19 0.19 0.94 0.37 0.44   "
"2024-11-06 03:10:00",396,12.47,19.18,0,0.19,0.5,0.31,0.19,0,0.5,0.19,0.31,0.19,0.19,1,0.37,0.37,"0.00 0.19 0.50 0.31 0.19 0.00 0.50 0.19 0.31 0.19 0.19 1.00 0.37 0.37   "
"2024-11-06 03:11:00",397,12.48,19.17,-0.06,0.19,0.5,0.25,0.19,0,0.5,0.19,0.31,0.19,0.19,1,0.44,0.44,"-0.06 0.19 0.50 0.25 0.19 0.00 0.50 0.19 0.31 0.19 0.19 1.00 0.44 0.44   "
"2024-11-06 03:12:00",398,12.48,19.16,-0.06,0.19,0.5,0.31,0.19,0,0.5,0.19,0.31,0.19,0.19,0.94,0.37,0.44,"-0.06 0.19 0.50 0.31 0.19 0.00 0.50 0.19 0.31 0.19 0.19 0.94 0.37 0.44   "
"2024-11-06 03:13:00",399,12.48,19.16,-0.06,0.19,0.5,0.31,0.12,0,0.5,0.19,0.31,0.19,0.19,1,0.37,0.44,"-0.06 0.19 0.50 0.31 0.12 0.00 0.50 0.19 0.31 0.19 0.19 1.00 0.37 0.44   "
"2024-11-06 03:14:00",400,12.47,19.15,0,0.19,0.5,0.31,0.12,0,0.5,0.19,0.31,0.19,0.25,1,0.44,0.5,"0.00 0.19 0.50 0.31 0.12 0.00 0.50 0.19 0.31 0.19 0.25 1.00 0.44 0.50   "
"2024-11-06 03:15:00",401,12.48,19.15,0,0.19,0.5,0.31,0.19,0,0.5,0.19,0.31,0.19,0.25,1,0.37,0.5,"0.00 0.19 0.50 0.31 0.19 0.00 0.50 0.19 0.31 0.19 0.25 1.00 0.37 0.50   "
"2024-11-06 03:16:00",402,12.48,19.15,0,0.19,0.5,0.31,0.19,0,0.5,0.19,0.31,0.19,0.19,1,0.44,0.5,"0.00 0.19 0.50 0.31 0.19 0.00 0.50 0.19 0.31 0.19 0.19 1.00 0.44 0.50   "
"2024-11-06 03:17:00",403,12.47,19.15,-0.06,0.19,0.5,0.25,0.19,0,0.5,0.19,0.31,0.19,0.19,1,0.44,0.5,"-0.06 0.19 0.50 0.25 0.19 0.00 0.50 0.19 0.31 0.19 0.19 1.00 0.44 0.50   "
"2024-11-06 03:18:00",404,12.47,19.15,0,0.19,0.5,0.31,0.19,0,0.5,0.19,0.31,0.19,0.19,1,0.37,0.5,"0.00 0.19 0.50 0.31 0.19 0.00 0.50 0.19 0.31 0.19 0.19 1.00 0.37 0.50   "
"2024-11-06 03:19:00",405,12.47,19.15,0,0.19,0.5,0.31,0.19,0,0.5,0.19,0.31,0.19,0.19,1,0.44,0.5,"0.00 0.19 0.50 0.31 0.19 0.00 0.50 0.19 0.31 0.19 0.19 1.00 0.44 0.50   "
"2024-11-06 03:20:00",406,12.48,19.15,0,0.19,0.5,0.31,0.19,0,0.5,0.19,0.31,0.19,0.19,1,0.44,0.5,"0.00 0.19 0.50 0.31 0.19 0.00 0.50 0.19 0.31 0.19 0.19 1.00 0.44 0.50   "
"2024-11-06 03:21:00",407,12.47,19.15,-0.06,0.19,0.5,0.31,0.19,0,0.5,0.19,0.31,0.19,0.19,1,0.44,0.56,"-0.06 0.19 0.50 0.31 0.19 0.00 0.50 0.19 0.31 0.19 0.19 1.00 0.44 0.56   "
"2024-11-06 03:22:00",408,12.47,19.16,0,0.19,0.5,0.31,0.19,0,0.5,0.19,0.31,0.19,0.19,1,0.44,0.56,"0.00 0.19 0.50 0.31 0.19 0.00 0.50 0.19 0.31 0.19 0.19 1.00 0.44 0.56   "
"2024-11-06 03:23:00",409,12.47,19.16,-0.06,0.19,0.5,0.31,0.19,0,0.5,0.19,0.31,0.19,0.25,1,0.44,0.56,"-0.06 0.19 0.50 0.31 0.19 0.00 0.50 0.19 0.31 0.19 0.25 1.00 0.44 0.56   "
"2024-11-06 03:24:00",410,12.47,19.16,0,0.19,0.5,0.31,0.19,0,0.5,0.19,0.31,0.19,0.19,1,0.44,0.63,"0.00 0.19 0.50 0.31 0.19 0.00 0.50 0.19 0.31 0.19 0.19 1.00 0.44 0.63   "
"2024-11-06 03:25:00",411,12.47,19.17,0,0.19,0.5,0.31,0.19,0,0.5,0.19,0.31,0.19,0.25,1,0.44,0.63,"0.00 0.19 0.50 0.31 0.19 0.00 0.50 0.19 0.31 0.19 0.25 1.00 0.44 0.63   "
"2024-11-06 03:26:00",412,12.47,19.17,-0.06,0.19,0.5,0.31,0.19,0,0.5,0.19,0.31,0.19,0.19,1,0.44,0.63,"-0.06 0.19 0.50 0.31 0.19 0.00 0.50 0.19 0.31 0.19 0.19 1.00 0.44 0.63   "
"2024-11-06 03:27:00",413,12.47,19.17,0,0.19,0.5,0.31,0.19,0,0.5,0.19,0.31,0.19,0.19,1,0.44,0.63,"0.00 0.19 0.50 0.31 0.19 0.00 0.50 0.19 0.31 0.19 0.19 1.00 0.44 0.63   "
"2024-11-06 03:28:00",414,12.47,19.18,-0.06,0.19,0.5,0.31,0.19,0,0.5,0.19,0.31,0.19,0.19,1.06,0.44,0.69,"-0.06 0.19 0.50 0.31 0.19 0.00 0.50 0.19 0.31 0.19 0.19 1.06 0.44 0.69   "
"2024-11-06 03:29:00",415,12.47,19.18,0,0.19,0.5,0.31,0.19,0,0.5,0.19,0.31,0.19,0.19,1.06,0.5,0.69,"0.00 0.19 0.50 0.31 0.19 0.00 0.50 0.19 0.31 0.19 0.19 1.06 0.50 0.69   "
"2024-11-06 03:30:00",416,12.48,19.18,0,0.25,0.5,0.31,0.19,0,0.5,0.19,0.31,0.19,0.19,1.06,0.44,0.69,"0.00 0.25 0.50 0.31 0.19 0.00 0.50 0.19 0.31 0.19 0.19 1.06 0.44 0.69   "
"2024-11-06 03:31:00",417,12.47,19.18,0,0.19,0.5,0.31,0.19,0,0.5,0.19,0.31,0.19,0.25,1.06,0.44,0.69,"0.00 0.19 0.50 0.31 0.19 0.00 0.50 0.19 0.31 0.19 0.25 1.06 0.44 0.69   "
"2024-11-06 03:32:00",418,12.47,19.19,-0.06,0.19,0.5,0.31,0.19,0,0.5,0.19,0.31,0.19,0.19,1.06,0.44,0.69,"-0.06 0.19 0.50 0.31 0.19 0.00 0.50 0.19 0.31 0.19 0.19 1.06 0.44 0.69   "
"2024-11-06 03:33:00",419,12.47,19.19,-0.06,0.19,0.5,0.31,0.19,0,0.5,0.19,0.31,0.19,0.19,1.06,0.5,0.69,"-0.06 0.19 0.50 0.31 0.19 0.00 0.50 0.19 0.31 0.19 0.19 1.06 0.50 0.69   "
"2024-11-06 03:34:00",420,12.47,19.2,-0.06,0.19,0.5,0.31,0.19,0,0.5,0.19,0.31,0.19,0.19,1.12,0.5,0.69,"-0.06 0.19 0.50 0.31 0.19 0.00 0.50 0.19 0.31 0.19 0.19 1.12 0.50 0.69   "
"2024-11-06 03:35:00",421,12.47,19.21,0,0.19,0.5,0.31,0.19,0,0.5,0.19,0.31,0.19,0.25,1.06,0.5,0.75,"0.00 0.19 0.50 0.31 0.19 0.00 0.50 0.19 0.31 0.19 0.25 1.06 0.50 0.75   "
"2024-11-06 03:36:00",422,12.48,19.21,0,0.19,0.5,0.31,0.19,0,0.5,0.19,0.31,0.25,0.25,1.12,0.5,0.75,"0.00 0.19 0.50 0.31 0.19 0.00 0.50 0.19 0.31 0.25 0.25 1.12 0.50 0.75   "
"2024-11-06 03:37:00",423,12.47,19.21,0,0.19,0.5,0.31,0.19,0,0.5,0.19,0.31,0.19,0.19,1.12,0.56,0.75,"0.00 0.19 0.50 0.31 0.19 0.00 0.50 0.19 0.31 0.19 0.19 1.12 0.56 0.75   "
"2024-11-06 03:38:00",424,12.47,19.21,-0.06,0.19,0.5,0.31,0.19,0,0.5,0.19,0.31,0.25,0.19,1.12,0.56,0.75,"-0.06 0.19 0.50 0.31 0.19 0.00 0.50 0.19 0.31 0.25 0.19 1.12 0.56 0.75   "
"2024-11-06 03:39:00",425,12.47,19.21,0,0.19,0.5,0.31,0.19,0,0.5,0.19,0.31,0.19,0.25,1.12,0.56,0.75,"0.00 0.19 0.50 0.31 0.19 0.00 0.50 0.19 0.31 0.19 0.25 1.12 0.56 0.75   "
"2024-11-06 03:40:00",426,12.47,19.2,0,0.19,0.5,0.31,0.19,0,0.5,0.19,0.31,0.19,0.19,1.12,0.56,0.81,"0.00 0.19 0.50 0.31 0.19 0.00 0.50 0.19 0.31 0.19 0.19 1.12 0.56 0.81   "
"2024-11-06 03:41:00",427,12.47,19.2,-0.06,0.19,0.5,0.31,0.19,0,0.5,0.19,0.31,0.25,0.19,1.12,0.63,0.81,"-0.06 0.19 0.50 0.31 0.19 0.00 0.50 0.19 0.31 0.25 0.19 1.12 0.63 0.81   "
"2024-11-06 03:42:00",428,12.47,19.19,0,0.19,0.5,0.31,0.19,0,0.5,0.19,0.31,0.19,0.19,1.19,0.63,0.81,"0.00 0.19 0.50 0.31 0.19 0.00 0.50 0.19 0.31 0.19 0.19 1.19 0.63 0.81   "
"2024-11-06 03:43:00",429,12.47,19.18,0,0.19,0.5,0.31,0.19,0,0.5,0.19,0.31,0.19,0.19,1.19,0.63,0.88,"0.00 0.19 0.50 0.31 0.19 0.00 0.50 0.19 0.31 0.19 0.19 1.19 0.63 0.88   "
"2024-11-06 03:44:00",430,12.47,19.18,0,0.25,0.5,0.31,0.19,0,0.5,0.19,0.31,0.19,0.19,1.19,0.63,0.88,"0.00 0.25 0.50 0.31 0.19 0.00 0.50 0.19 0.31 0.19 0.19 1.19 0.63 0.88   "
"2024-11-06 03:45:00",431,12.47,19.17,0,0.19,0.5,0.31,0.19,0,0.5,0.19,0.31,0.25,0.19,1.19,0.63,0.88,"0.00 0.19 0.50 0.31 0.19 0.00 0.50 0.19 0.31 0.25 0.19 1.19 0.63 0.88   "
"2024-11-06 03:46:00",432,12.47,19.16,-0.06,0.19,0.5,0.31,0.19,0,0.5,0.25,0.31,0.19,0.19,1.19,0.69,0.88,"-0.06 0.19 0.50 0.31 0.19 0.00 0.50 0.25 0.31 0.19 0.19 1.19 0.69 0.88   "
"2024-11-06 03:47:00",433,12.47,19.15,0,0.19,0.5,0.31,0.19,0,0.5,0.19,0.31,0.25,0.25,1.19,0.69,0.88,"0.00 0.19 0.50 0.31 0.19 0.00 0.50 0.19 0.31 0.25 0.25 1.19 0.69 0.88   "
"2024-11-06 03:48:00",434,12.47,19.15,-0.06,0.19,0.5,0.31,0.19,0,0.5,0.19,0.31,0.19,0.19,1.19,0.69,0.88,"-0.06 0.19 0.50 0.31 0.19 0.00 0.50 0.19 0.31 0.19 0.19 1.19 0.69 0.88   "
"2024-11-06 03:49:00",435,12.47,19.14,0,0.19,0.5,0.31,0.19,0,0.5,0.25,0.31,0.25,0.25,1.19,0.69,0.88,"0.00 0.19 0.50 0.31 0.19 0.00 0.50 0.25 0.31 0.25 0.25 1.19 0.69 0.88   "
"2024-11-06 03:50:00",436,12.47,19.13,-0.06,0.25,0.5,0.31,0.19,0,0.5,0.25,0.31,0.25,0.25,1.19,0.69,0.94,"-0.06 0.25 0.50 0.31 0.19 0.00 0.50 0.25 0.31 0.25 0.25 1.19 0.69 0.94   "
"2024-11-06 03:51:00",437,12.47,19.13,-0.06,0.19,0.5,0.31,0.19,0,0.5,0.19,0.31,0.25,0.25,1.19,0.69,0.94,"-0.06 0.19 0.50 0.31 0.19 0.00 0.50 0.19 0.31 0.25 0.25 1.19 0.69 0.94   "
"2024-11-06 03:52:00",438,12.47,19.13,-0.06,0.19,0.5,0.31,0.19,0,0.5,0.19,0.31,0.19,0.25,1.19,0.75,0.94,"-0.06 0.19 0.50 0.31 0.19 0.00 0.50 0.19 0.31 0.19 0.25 1.19 0.75 0.94   "
"2024-11-06 03:53:00",439,12.47,19.13,-0.06,0.19,0.5,0.31,0.25,0,0.5,0.19,0.31,0.25,0.19,1.19,0.75,0.94,"-0.06 0.19 0.50 0.31 0.25 0.00 0.50 0.19 0.31 0.25 0.19 1.19 0.75 0.94   "
"2024-11-06 03:54:00",440,12.47,19.13,0,0.19,0.5,0.31,0.19,0,0.5,0.19,0.31,0.19,0.19,1.25,0.75,0.94,"0.00 0.19 0.50 0.31 0.19 0.00 0.50 0.19 0.31 0.19 0.19 1.25 0.75 0.94   "
"2024-11-06 03:55:00",441,12.47,19.13,0,0.19,0.5,0.31,0.19,0,0.5,0.19,0.31,0.25,0.25,1.25,0.75,0.94,"0.00 0.19 0.50 0.31 0.19 0.00 0.50 0.19 0.31 0.25 0.25 1.25 0.75 0.94   "
"2024-11-06 03:56:00",442,12.47,19.14,0,0.19,0.5,0.31,0.19,0,0.5,0.19,0.31,0.19,0.25,1.25,0.81,0.94,"0.00 0.19 0.50 0.31 0.19 0.00 0.50 0.19 0.31 0.19 0.25 1.25 0.81 0.94   "
"2024-11-06 03:57:00",443,12.47,19.14,-0.06,0.19,0.5,0.31,0.19,0,0.5,0.19,0.31,0.25,0.19,1.25,0.81,1,"-0.06 0.19 0.50 0.31 0.19 0.00 0.50 0.19 0.31 0.25 0.19 1.25 0.81 1.00   "
"2024-11-06 03:58:00",444,12.47,19.15,0,0.19,0.5,0.31,0.19,0,0.5,0.25,0.31,0.25,0.25,1.25,0.81,1,"0.00 0.19 0.50 0.31 0.19 0.00 0.50 0.25 0.31 0.25 0.25 1.25 0.81 1.00   "
"2024-11-06 03:59:00",445,12.47,19.16,-0.06,0.25,0.5,0.37,0.19,0,0.5,0.25,0.31,0.25,0.25,1.25,0.75,1,"-0.06 0.25 0.50 0.37 0.19 0.00 0.50 0.25 0.31 0.25 0.25 1.25 0.75 1.00   "
"2024-11-06 04:00:00",446,12.47,19.16,0,0.19,0.5,0.31,0.19,0,0.5,0.25,0.31,0.19,0.25,1.25,0.81,1,"0.00 0.19 0.50 0.31 0.19 0.00 0.50 0.25 0.31 0.19 0.25 1.25 0.81 1.00   "
"2024-11-06 04:01:00",447,12.47,19.16,0,0.25,0.5,0.31,0.19,0,0.5,0.19,0.31,0.25,0.25,1.25,0.81,1,"0.00 0.25 0.50 0.31 0.19 0.00 0.50 0.19 0.31 0.25 0.25 1.25 0.81 1.00   "
"2024-11-06 04:02:00",448,12.47,19.17,0,0.19,0.5,0.31,0.19,0,0.5,0.19,0.31,0.19,0.25,1.25,0.81,1.06,"0.00 0.19 0.50 0.31 0.19 0.00 0.50 0.19 0.31 0.19 0.25 1.25 0.81 1.06   "
"2024-11-06 04:03:00",449,12.47,19.17,0,0.19,0.5,0.31,0.19,0,0.5,0.25,0.31,0.19,0.25,1.25,0.81,1.06,"0.00 0.19 0.50 0.31 0.19 0.00 0.50 0.25 0.31 0.19 0.25 1.25 0.81 1.06   "
"2024-11-06 04:04:00",450,12.47,19.17,0,0.19,0.5,0.37,0.19,0,0.5,0.19,0.31,0.25,0.19,1.25,0.88,1.06,"0.00 0.19 0.50 0.37 0.19 0.00 0.50 0.19 0.31 0.25 0.19 1.25 0.88 1.06   "
"2024-11-06 04:05:00",451,12.47,19.18,0,0.19,0.5,0.31,0.25,0,0.5,0.25,0.31,0.25,0.25,1.25,0.88,1.06,"0.00 0.19 0.50 0.31 0.25 0.00 0.50 0.25 0.31 0.25 0.25 1.25 0.88 1.06   "
"2024-11-06 04:06:00",452,12.47,19.18,-0.06,0.19,0.5,0.37,0.19,0,0.5,0.25,0.31,0.19,0.25,1.25,0.88,1.06,"-0.06 0.19 0.50 0.37 0.19 0.00 0.50 0.25 0.31 0.19 0.25 1.25 0.88 1.06   "
"2024-11-06 04:07:00",453,12.47,19.19,0,0.25,0.5,0.37,0.25,0,0.5,0.25,0.31,0.25,0.25,1.25,0.88,1.06,"0.00 0.25 0.50 0.37 0.25 0.00 0.50 0.25 0.31 0.25 0.25 1.25 0.88 1.06   "
"2024-11-06 04:08:00",454,12.47,19.19,0,0.19,0.5,0.37,0.25,0,0.5,0.25,0.31,0.25,0.25,1.25,0.88,1.06,"0.00 0.19 0.50 0.37 0.25 0.00 0.50 0.25 0.31 0.25 0.25 1.25 0.88 1.06   "
"2024-11-06 04:09:00",455,12.47,19.2,0,0.25,0.5,0.31,0.19,0,0.5,0.25,0.31,0.25,0.25,1.25,0.88,1.06,"0.00 0.25 0.50 0.31 0.19 0.00 0.50 0.25 0.31 0.25 0.25 1.25 0.88 1.06   "
"2024-11-06 04:10:00",456,12.47,19.2,0,0.19,0.5,0.37,0.19,0,0.5,0.25,0.31,0.25,0.25,1.25,0.94,1.12,"0.00 0.19 0.50 0.37 0.19 0.00 0.50 0.25 0.31 0.25 0.25 1.25 0.94 1.12   "
"2024-11-06 04:11:00",457,12.47,19.2,0,0.19,0.5,0.37,0.25,0,0.5,0.25,0.31,0.25,0.25,1.25,0.94,1.12,"0.00 0.19 0.50 0.37 0.25 0.00 0.50 0.25 0.31 0.25 0.25 1.25 0.94 1.12   "
"2024-11-06 04:12:00",458,12.47,19.21,0,0.19,0.5,0.37,0.25,0,0.5,0.19,0.31,0.25,0.25,1.31,0.94,1.12,"0.00 0.19 0.50 0.37 0.25 0.00 0.50 0.19 0.31 0.25 0.25 1.31 0.94 1.12   "
"2024-11-06 04:13:00",459,12.47,19.21,0,0.19,0.5,0.37,0.25,0,0.5,0.25,0.31,0.25,0.25,1.31,0.94,1.12,"0.00 0.19 0.50 0.37 0.25 0.00 0.50 0.25 0.31 0.25 0.25 1.31 0.94 1.12   "
"2024-11-06 04:14:00",460,12.47,19.21,0,0.19,0.5,0.37,0.25,0,0.5,0.25,0.31,0.25,0.25,1.31,0.94,1.12,"0.00 0.19 0.50 0.37 0.25 0.00 0.50 0.25 0.31 0.25 0.25 1.31 0.94 1.12   "
"2024-11-06 04:15:00",461,12.47,19.2,0,0.19,0.5,0.37,0.25,0,0.5,0.25,0.31,0.25,0.25,1.31,1,1.12,"0.00 0.19 0.50 0.37 0.25 0.00 0.50 0.25 0.31 0.25 0.25 1.31 1.00 1.12   "
"2024-11-06 04:16:00",462,12.47,19.2,0,0.25,0.5,0.37,0.19,0,0.5,0.25,0.31,0.25,0.25,1.31,1,1.12,"0.00 0.25 0.50 0.37 0.19 0.00 0.50 0.25 0.31 0.25 0.25 1.31 1.00 1.12   "
"2024-11-06 04:17:00",463,12.47,19.19,0,0.25,0.5,0.37,0.25,0,0.5,0.25,0.31,0.25,0.25,1.31,1,1.19,"0.00 0.25 0.50 0.37 0.25 0.00 0.50 0.25 0.31 0.25 0.25 1.31 1.00 1.19   "
"2024-11-06 04:18:00",464,12.47,19.19,0,0.25,0.5,0.37,0.25,0,0.5,0.25,0.31,0.25,0.25,1.37,1,1.12,"0.00 0.25 0.50 0.37 0.25 0.00 0.50 0.25 0.31 0.25 0.25 1.37 1.00 1.12   "
"2024-11-06 04:19:00",465,12.47,19.17,-0.06,0.19,0.5,0.37,0.25,0,0.5,0.25,0.31,0.25,0.25,1.37,1,1.19,"-0.06 0.19 0.50 0.37 0.25 0.00 0.50 0.25 0.31 0.25 0.25 1.37 1.00 1.19   "
"2024-11-06 04:20:00",466,12.47,19.16,0,0.25,0.5,0.37,0.25,0,0.5,0.25,0.31,0.25,0.25,1.37,1,1.19,"0.00 0.25 0.50 0.37 0.25 0.00 0.50 0.25 0.31 0.25 0.25 1.37 1.00 1.19   "
"2024-11-06 04:21:00",467,12.47,19.15,0,0.19,0.5,0.37,0.25,0,0.5,0.19,0.31,0.25,0.25,1.37,1,1.19,"0.00 0.19 0.50 0.37 0.25 0.00 0.50 0.19 0.31 0.25 0.25 1.37 1.00 1.19   "
"2024-11-06 04:22:00",468,12.47,19.14,0,0.19,0.5,0.37,0.25,0,0.5,0.25,0.31,0.25,0.25,1.37,1,1.25,"0.00 0.19 0.50 0.37 0.25 0.00 0.50 0.25 0.31 0.25 0.25 1.37 1.00 1.25   "
"2024-11-06 04:23:00",469,12.47,19.13,0,0.19,0.5,0.37,0.25,0,0.5,0.25,0.31,0.25,0.25,1.37,1.06,1.25,"0.00 0.19 0.50 0.37 0.25 0.00 0.50 0.25 0.31 0.25 0.25 1.37 1.06 1.25   "
"2024-11-06 04:24:00",470,12.47,19.11,0,0.19,0.5,0.37,0.25,0,0.5,0.25,0.31,0.25,0.25,1.37,1.06,1.25,"0.00 0.19 0.50 0.37 0.25 0.00 0.50 0.25 0.31 0.25 0.25 1.37 1.06 1.25   "
"2024-11-06 04:25:00",471,12.47,19.1,0,0.19,0.5,0.37,0.25,0,0.5,0.25,0.31,0.25,0.25,1.37,1.06,1.25,"0.00 0.19 0.50 0.37 0.25 0.00 0.50 0.25 0.31 0.25 0.25 1.37 1.06 1.25   "
"2024-11-06 04:26:00",472,12.47,19.1,0,0.25,0.5,0.37,0.25,0,0.5,0.25,0.31,0.25,0.25,1.37,1.06,1.25,"0.00 0.25 0.50 0.37 0.25 0.00 0.50 0.25 0.31 0.25 0.25 1.37 1.06 1.25   "
"2024-11-06 04:27:00",473,12.47,19.09,0,0.19,0.5,0.44,0.25,0,0.5,0.25,0.31,0.25,0.25,1.44,1.06,1.25,"0.00 0.19 0.50 0.44 0.25 0.00 0.50 0.25 0.31 0.25 0.25 1.44 1.06 1.25   "
"2024-11-06 04:28:00",474,12.47,19.09,0,0.19,0.5,0.44,0.25,0,0.5,0.25,0.31,0.25,0.25,1.44,1.06,1.25,"0.00 0.19 0.50 0.44 0.25 0.00 0.50 0.25 0.31 0.25 0.25 1.44 1.06 1.25   "
"2024-11-06 04:29:00",475,12.47,19.09,0,0.25,0.5,0.44,0.25,0,0.5,0.25,0.31,0.25,0.25,1.44,1.06,1.31,"0.00 0.25 0.50 0.44 0.25 0.00 0.50 0.25 0.31 0.25 0.25 1.44 1.06 1.31   "
"2024-11-06 04:30:00",476,12.47,19.09,0,0.19,0.5,0.44,0.25,0,0.5,0.25,0.31,0.25,0.25,1.44,1.12,1.31,"0.00 0.19 0.50 0.44 0.25 0.00 0.50 0.25 0.31 0.25 0.25 1.44 1.12 1.31   "
"2024-11-06 04:31:00",477,12.47,19.09,0,0.25,0.5,0.44,0.25,0,0.5,0.25,0.31,0.31,0.25,1.44,1.12,1.31,"0.00 0.25 0.50 0.44 0.25 0.00 0.50 0.25 0.31 0.31 0.25 1.44 1.12 1.31   "
"2024-11-06 04:32:00",478,12.47,19.09,0,0.19,0.5,0.44,0.25,0,0.5,0.25,0.31,0.25,0.25,1.44,1.12,1.31,"0.00 0.19 0.50 0.44 0.25 0.00 0.50 0.25 0.31 0.25 0.25 1.44 1.12 1.31   "
"2024-11-06 04:33:00",479,12.47,19.1,0,0.19,0.5,0.44,0.25,0,0.5,0.25,0.31,0.25,0.25,1.44,1.12,1.31,"0.00 0.19 0.50 0.44 0.25 0.00 0.50 0.25 0.31 0.25 0.25 1.44 1.12 1.31   "
"2024-11-06 04:34:00",480,12.47,19.1,0,0.25,0.5,0.44,0.25,0,0.5,0.25,0.31,0.25,0.25,1.44,1.12,1.37,"0.00 0.25 0.50 0.44 0.25 0.00 0.50 0.25 0.31 0.25 0.25 1.44 1.12 1.37   "
"2024-11-06 04:35:00",481,12.47,19.11,0,0.25,0.5,0.44,0.25,0,0.5,0.25,0.31,0.25,0.25,1.44,1.12,1.37,"0.00 0.25 0.50 0.44 0.25 0.00 0.50 0.25 0.31 0.25 0.25 1.44 1.12 1.37   "
"2024-11-06 04:36:00",482,12.47,19.11,-0.06,0.25,0.5,0.5,0.25,0,0.5,0.25,0.31,0.25,0.25,1.44,1.19,1.37,"-0.06 0.25 0.50 0.50 0.25 0.00 0.50 0.25 0.31 0.25 0.25 1.44 1.19 1.37   "
"2024-11-06 04:37:00",483,12.47,19.12,0,0.19,0.5,0.44,0.25,0,0.5,0.25,0.31,0.25,0.25,1.44,1.19,1.37,"0.00 0.19 0.50 0.44 0.25 0.00 0.50 0.25 0.31 0.25 0.25 1.44 1.19 1.37   "
"2024-11-06 04:38:00",484,12.47,19.13,0,0.25,0.5,0.5,0.25,0,0.5,0.25,0.31,0.25,0.25,1.44,1.19,1.37,"0.00 0.25 0.50 0.50 0.25 0.00 0.50 0.25 0.31 0.25 0.25 1.44 1.19 1.37   "
"2024-11-06 04:39:00",485,12.47,19.13,0,0.25,0.5,0.5,0.31,0,0.5,0.25,0.31,0.25,0.25,1.5,1.19,1.37,"0.00 0.25 0.50 0.50 0.31 0.00 0.50 0.25 0.31 0.25 0.25 1.50 1.19 1.37   "
"2024-11-06 04:40:00",486,12.47,19.14,0,0.25,0.5,0.5,0.25,0,0.5,0.25,0.31,0.31,0.25,1.5,1.19,1.44,"0.00 0.25 0.50 0.50 0.25 0.00 0.50 0.25 0.31 0.31 0.25 1.50 1.19 1.44   "
"2024-11-06 04:41:00",487,12.47,19.14,0,0.19,0.5,0.5,0.25,0,0.5,0.25,0.31,0.25,0.25,1.5,1.19,1.44,"0.00 0.19 0.50 0.50 0.25 0.00 0.50 0.25 0.31 0.25 0.25 1.50 1.19 1.44   "
"2024-11-06 04:42:00",488,12.47,19.15,0,0.19,0.5,0.44,0.31,0,0.5,0.25,0.31,0.25,0.25,1.5,1.19,1.44,"0.00 0.19 0.50 0.44 0.31 0.00 0.50 0.25 0.31 0.25 0.25 1.50 1.19 1.44   "
"2024-11-06 04:43:00",489,12.47,19.15,0,0.25,0.5,0.5,0.31,0,0.5,0.25,0.31,0.25,0.25,1.5,1.25,1.44,"0.00 0.25 0.50 0.50 0.31 0.00 0.50 0.25 0.31 0.25 0.25 1.50 1.25 1.44   "
"2024-11-06 04:44:00",490,12.47,19.16,0,0.25,0.5,0.5,0.25,0,0.5,0.25,0.31,0.25,0.25,1.5,1.19,1.44,"0.00 0.25 0.50 0.50 0.25 0.00 0.50 0.25 0.31 0.25 0.25 1.50 1.19 1.44   "
"2024-11-06 04:45:00",491,12.47,19.16,0,0.19,0.5,0.5,0.31,0,0.5,0.25,0.31,0.25,0.25,1.5,1.25,1.44,"0.00 0.19 0.50 0.50 0.31 0.00 0.50 0.25 0.31 0.25 0.25 1.50 1.25 1.44   "
"2024-11-06 04:46:00",492,12.47,19.17,0,0.25,0.5,0.56,0.31,0,0.5,0.25,0.31,0.31,0.25,1.5,1.25,1.44,"0.00 0.25 0.50 0.56 0.31 0.00 0.50 0.25 0.31 0.31 0.25 1.50 1.25 1.44   "
"2024-11-06 04:47:00",493,12.47,19.17,0,0.25,0.5,0.56,0.31,0,0.5,0.25,0.31,0.25,0.31,1.5,1.25,1.5,"0.00 0.25 0.50 0.56 0.31 0.00 0.50 0.25 0.31 0.25 0.31 1.50 1.25 1.50   "
"2024-11-06 04:48:00",494,12.47,19.18,0,0.25,0.5,0.56,0.31,0,0.5,0.25,0.31,0.31,0.25,1.5,1.31,1.5,"0.00 0.25 0.50 0.56 0.31 0.00 0.50 0.25 0.31 0.31 0.25 1.50 1.31 1.50   "
"2024-11-06 04:49:00",495,12.47,19.18,0,0.25,0.5,0.56,0.31,0,1,0.25,0.31,0.25,0.25,1.56,1.31,1.5,"0.00 0.25 0.50 0.56 0.31 0.00 1.00 0.25 0.31 0.25 0.25 1.56 1.31 1.50   "
"2024-11-06 04:50:00",496,12.47,19.18,0,0.25,0.5,0.56,0.31,0,0.5,0.25,0.31,0.31,0.25,1.56,1.31,1.5,"0.00 0.25 0.50 0.56 0.31 0.00 0.50 0.25 0.31 0.31 0.25 1.56 1.31 1.50   "
"2024-11-06 04:51:00",497,12.47,19.18,0,0.25,0.5,0.56,0.31,0,0.5,0.25,0.31,0.25,0.25,1.56,1.31,1.5,"0.00 0.25 0.50 0.56 0.31 0.00 0.50 0.25 0.31 0.25 0.25 1.56 1.31 1.50   "
"2024-11-06 04:52:00",498,12.47,19.17,0,0.25,0.5,0.56,0.31,0,0.5,0.25,0.31,0.31,0.25,1.56,1.31,1.56,"0.00 0.25 0.50 0.56 0.31 0.00 0.50 0.25 0.31 0.31 0.25 1.56 1.31 1.56   "
"2024-11-06 04:53:00",499,12.47,19.16,0,0.25,0.5,0.56,0.31,0,1,0.25,0.31,0.31,0.25,1.56,1.31,1.56,"0.00 0.25 0.50 0.56 0.31 0.00 1.00 0.25 0.31 0.31 0.25 1.56 1.31 1.56   "
"2024-11-06 04:54:00",500,12.47,19.16,0,0.25,0.5,0.63,0.31,0,0.5,0.25,0.31,0.31,0.25,1.56,1.37,1.56,"0.00 0.25 0.50 0.63 0.31 0.00 0.50 0.25 0.31 0.31 0.25 1.56 1.37 1.56   "
"2024-11-06 04:55:00",501,12.47,19.15,0,0.25,0.5,0.56,0.31,0,0.5,0.25,0.31,0.31,0.31,1.56,1.37,1.56,"0.00 0.25 0.50 0.56 0.31 0.00 0.50 0.25 0.31 0.31 0.31 1.56 1.37 1.56   "
"2024-11-06 04:56:00",502,12.47,19.14,0.06,0.25,0.5,0.56,0.31,0,0.5,0.25,0.31,0.31,0.25,1.56,1.37,1.56,"0.06 0.25 0.50 0.56 0.31 0.00 0.50 0.25 0.31 0.31 0.25 1.56 1.37 1.56   "
"2024-11-06 04:57:00",503,12.47,19.13,0,0.25,0.5,0.56,0.31,0,1,0.25,0.31,0.31,0.31,1.56,1.37,1.63,"0.00 0.25 0.50 0.56 0.31 0.00 1.00 0.25 0.31 0.31 0.31 1.56 1.37 1.63   "
"2024-11-06 04:58:00",504,12.47,19.12,0.06,0.25,0.5,0.56,0.31,0,1,0.25,0.31,0.31,0.31,1.56,1.37,1.63,"0.06 0.25 0.50 0.56 0.31 0.00 1.00 0.25 0.31 0.31 0.31 1.56 1.37 1.63   "
"2024-11-06 04:59:00",505,12.47,19.11,0.06,0.25,0.5,0.56,0.31,0,0.5,0.25,0.31,0.31,0.31,1.56,1.44,1.63,"0.06 0.25 0.50 0.56 0.31 0.00 0.50 0.25 0.31 0.31 0.31 1.56 1.44 1.63   "
"2024-11-06 05:00:00",506,12.47,19.1,0,0.25,0.5,0.56,0.31,0,1,0.31,0.31,0.31,0.25,1.56,1.44,1.63,"0.00 0.25 0.50 0.56 0.31 0.00 1.00 0.31 0.31 0.31 0.25 1.56 1.44 1.63   "
"2024-11-06 05:01:00",507,12.47,19.09,0.06,0.25,0.5,0.56,0.31,0,1,0.25,0.31,0.31,0.25,1.56,1.5,1.63,"0.06 0.25 0.50 0.56 0.31 0.00 1.00 0.25 0.31 0.31 0.25 1.56 1.50 1.63   "
"2024-11-06 05:02:00",508,12.47,19.08,0.06,0.25,0.5,0.56,0.37,0,0.5,0.31,0.31,0.31,0.25,1.56,1.44,1.69,"0.06 0.25 0.50 0.56 0.37 0.00 0.50 0.31 0.31 0.31 0.25 1.56 1.44 1.69   "
"2024-11-06 05:03:00",509,12.47,19.07,0.06,0.25,0.5,0.56,0.37,0,0.5,0.25,0.31,0.31,0.31,1.56,1.5,1.63,"0.06 0.25 0.50 0.56 0.37 0.00 0.50 0.25 0.31 0.31 0.31 1.56 1.50 1.63   "
"2024-11-06 05:04:00",510,12.47,19.07,0,0.25,0.5,0.63,0.31,0,1,0.25,0.31,0.31,0.31,1.63,1.5,1.69,"0.00 0.25 0.50 0.63 0.31 0.00 1.00 0.25 0.31 0.31 0.31 1.63 1.50 1.69   "
"2024-11-06 05:05:00",511,12.47,19.06,0,0.25,0.5,0.63,0.37,0,0.5,0.25,0.31,0.31,0.25,1.56,1.5,1.69,"0.00 0.25 0.50 0.63 0.37 0.00 0.50 0.25 0.31 0.31 0.25 1.56 1.50 1.69   "
"2024-11-06 05:06:00",512,12.47,19.06,0,0.25,0.5,0.63,0.31,0,1,0.25,0.31,0.31,0.31,1.63,1.5,1.75,"0.00 0.25 0.50 0.63 0.31 0.00 1.00 0.25 0.31 0.31 0.31 1.63 1.50 1.75   "
"2024-11-06 05:07:00",513,12.47,19.07,0.06,0.25,0.5,0.56,0.37,0,1,0.31,0.31,0.31,0.31,1.63,1.56,1.75,"0.06 0.25 0.50 0.56 0.37 0.00 1.00 0.31 0.31 0.31 0.31 1.63 1.56 1.75   "
"2024-11-06 05:08:00",514,12.47,19.07,0,0.25,0.5,0.63,0.37,0,1,0.25,0.31,0.37,0.31,1.63,1.56,1.75,"0.00 0.25 0.50 0.63 0.37 0.00 1.00 0.25 0.31 0.37 0.31 1.63 1.56 1.75   "
"2024-11-06 05:09:00",515,12.47,19.08,0.06,0.25,0.5,0.63,0.37,0,1,0.25,0.31,0.37,0.31,1.63,1.56,1.75,"0.06 0.25 0.50 0.63 0.37 0.00 1.00 0.25 0.31 0.37 0.31 1.63 1.56 1.75   "
"2024-11-06 05:10:00",516,12.47,19.08,0,0.25,0.5,0.63,0.37,0,0.5,0.25,0.31,0.31,0.31,1.63,1.63,1.81,"0.00 0.25 0.50 0.63 0.37 0.00 0.50 0.25 0.31 0.31 0.31 1.63 1.63 1.81   "
"2024-11-06 05:11:00",517,12.47,19.09,0.06,0.25,0.5,0.63,0.37,0,1,0.31,0.31,0.37,0.31,1.63,1.63,1.75,"0.06 0.25 0.50 0.63 0.37 0.00 1.00 0.31 0.31 0.37 0.31 1.63 1.63 1.75   "
"2024-11-06 05:12:00",518,12.47,19.09,0,0.25,0.5,0.63,0.37,0,1,0.31,0.31,0.37,0.31,1.63,1.63,1.81,"0.00 0.25 0.50 0.63 0.37 0.00 1.00 0.31 0.31 0.37 0.31 1.63 1.63 1.81   "
"2024-11-06 05:13:00",519,12.47,19.1,0.06,0.25,0.5,0.63,0.37,0,1,0.25,0.31,0.37,0.31,1.63,1.69,1.81,"0.06 0.25 0.50 0.63 0.37 0.00 1.00 0.25 0.31 0.37 0.31 1.63 1.69 1.81   "
"2024-11-06 05:14:00",520,12.47,19.11,0.06,0.25,0.5,0.63,0.37,0,1,0.25,0.31,0.31,0.31,1.69,1.69,1.81,"0.06 0.25 0.50 0.63 0.37 0.00 1.00 0.25 0.31 0.31 0.31 1.69 1.69 1.81   "
"2024-11-06 05:15:00",521,12.47,19.11,0.06,0.25,0.5,0.63,0.37,0,1,0.25,0.31,0.37,0.31,1.63,1.69,1.81,"0.06 0.25 0.50 0.63 0.37 0.00 1.00 0.25 0.31 0.37 0.31 1.63 1.69 1.81   "
"2024-11-06 05:16:00",522,12.47,19.12,0.06,0.25,0.5,0.63,0.37,0,1,0.31,0.31,0.37,0.31,1.69,1.69,1.88,"0.06 0.25 0.50 0.63 0.37 0.00 1.00 0.31 0.31 0.37 0.31 1.69 1.69 1.88   "
"2024-11-06 05:17:00",523,12.47,19.13,0.06,0.25,0.5,0.63,0.37,0,1,0.31,0.31,0.31,0.31,1.69,1.69,1.88,"0.06 0.25 0.50 0.63 0.37 0.00 1.00 0.31 0.31 0.31 0.31 1.69 1.69 1.88   "
"2024-11-06 05:18:00",524,12.47,19.13,0.06,0.25,0.5,0.63,0.37,0,1,0.25,0.31,0.37,0.31,1.69,1.75,1.88,"0.06 0.25 0.50 0.63 0.37 0.00 1.00 0.25 0.31 0.37 0.31 1.69 1.75 1.88   "
"2024-11-06 05:19:00",525,12.47,19.14,0.06,0.25,0.5,0.63,0.37,0,1,0.25,0.31,0.37,0.31,1.69,1.75,1.88,"0.06 0.25 0.50 0.63 0.37 0.00 1.00 0.25 0.31 0.37 0.31 1.69 1.75 1.88   "
"2024-11-06 05:20:00",526,12.47,19.15,0.06,0.25,0.5,0.63,0.44,0,1,0.31,0.31,0.37,0.31,1.69,1.81,1.88,"0.06 0.25 0.50 0.63 0.44 0.00 1.00 0.31 0.31 0.37 0.31 1.69 1.81 1.88   "
"2024-11-06 05:21:00",527,12.47,19.15,0.06,0.25,0.5,0.63,0.37,0,1,0.31,0.31,0.37,0.31,1.69,1.81,1.94,"0.06 0.25 0.50 0.63 0.37 0.00 1.00 0.31 0.31 0.37 0.31 1.69 1.81 1.94   "
"2024-11-06 05:22:00",528,12.47,19.16,0.06,0.25,0.5,0.63,0.44,0,1,0.31,0.31,0.37,0.31,1.69,1.81,1.94,"0.06 0.25 0.50 0.63 0.44 0.00 1.00 0.31 0.31 0.37 0.31 1.69 1.81 1.94   "
"2024-11-06 05:23:00",529,12.47,19.16,0.06,0.25,0.5,0.69,0.37,0,1,0.31,0.31,0.37,0.31,1.69,1.88,1.94,"0.06 0.25 0.50 0.69 0.37 0.00 1.00 0.31 0.31 0.37 0.31 1.69 1.88 1.94   "
"2024-11-06 05:24:00",530,12.47,19.16,0.06,0.31,0.5,0.69,0.37,0,1,0.31,0.31,0.37,0.31,1.69,1.88,1.94,"0.06 0.31 0.50 0.69 0.37 0.00 1.00 0.31 0.31 0.37 0.31 1.69 1.88 1.94   "
"2024-11-06 05:25:00",531,12.47,19.17,0.06,0.25,0.5,0.69,0.37,0,1,0.31,0.31,0.37,0.31,1.69,1.94,1.94,"0.06 0.25 0.50 0.69 0.37 0.00 1.00 0.31 0.31 0.37 0.31 1.69 1.94 1.94   "
"2024-11-06 05:26:00",532,12.47,19.16,0.12,0.25,0.5,0.69,0.37,0,1,0.31,0.31,0.37,0.31,1.69,1.94,2,"0.12 0.25 0.50 0.69 0.37 0.00 1.00 0.31 0.31 0.37 0.31 1.69 1.94 2.00   "
"2024-11-06 05:27:00",533,12.47,19.16,0.12,0.25,0.5,0.69,0.37,0,1,0.31,0.31,0.37,0.31,1.69,1.94,2,"0.12 0.25 0.50 0.69 0.37 0.00 1.00 0.31 0.31 0.37 0.31 1.69 1.94 2.00   "
"2024-11-06 05:28:00",534,12.47,19.15,0.06,0.25,0.5,0.69,0.44,0,1,0.31,0.31,0.37,0.37,1.69,1.94,2,"0.06 0.25 0.50 0.69 0.44 0.00 1.00 0.31 0.31 0.37 0.37 1.69 1.94 2.00   "
"2024-11-06 05:29:00",535,12.47,19.15,0.06,0.25,0.5,0.69,0.44,0,1,0.31,0.31,0.37,0.31,1.69,2,2,"0.06 0.25 0.50 0.69 0.44 0.00 1.00 0.31 0.31 0.37 0.31 1.69 2.00 2.00   "
"2024-11-06 05:30:00",536,12.47,19.14,0.06,0.25,0.5,0.69,0.44,0,1,0.31,0.31,0.37,0.31,1.75,2,2.06,"0.06 0.25 0.50 0.69 0.44 0.00 1.00 0.31 0.31 0.37 0.31 1.75 2.00 2.06   "
"2024-11-06 05:31:00",537,12.47,19.13,0.12,0.31,0.5,0.69,0.37,0,1,0.31,0.31,0.44,0.31,1.75,2.06,2.06,"0.12 0.31 0.50 0.69 0.37 0.00 1.00 0.31 0.31 0.44 0.31 1.75 2.06 2.06   "
"2024-11-06 05:32:00",538,12.47,19.12,0.12,0.25,0.5,0.69,0.44,0,1,0.31,0.31,0.37,0.31,1.75,2.06,2.06,"0.12 0.25 0.50 0.69 0.44 0.00 1.00 0.31 0.31 0.37 0.31 1.75 2.06 2.06   "
"2024-11-06 05:33:00",539,12.47,19.12,0.12,0.25,0.5,0.69,0.44,0,1,0.31,0.31,0.37,0.31,1.75,2.06,2.06,"0.12 0.25 0.50 0.69 0.44 0.00 1.00 0.31 0.31 0.37 0.31 1.75 2.06 2.06   "
"2024-11-06 05:34:00",540,12.47,19.11,0.12,0.31,0.5,0.69,0.44,0,1,0.31,0.31,0.44,0.31,1.75,2.13,2.06,"0.12 0.31 0.50 0.69 0.44 0.00 1.00 0.31 0.31 0.44 0.31 1.75 2.13 2.06   "
"2024-11-06 05:35:00",541,12.47,19.1,0.12,0.25,0.5,0.69,0.44,0,1,0.31,0.31,0.37,0.31,1.75,2.13,2.13,"0.12 0.25 0.50 0.69 0.44 0.00 1.00 0.31 0.31 0.37 0.31 1.75 2.13 2.13   "
"2024-11-06 05:36:00",542,12.47,19.1,0.12,0.31,0.5,0.69,0.44,0,1,0.31,0.31,0.44,0.31,1.75,2.13,2.13,"0.12 0.31 0.50 0.69 0.44 0.00 1.00 0.31 0.31 0.44 0.31 1.75 2.13 2.13   "
"2024-11-06 05:37:00",543,12.47,19.09,0.12,0.25,0.5,0.69,0.44,0,1,0.37,0.31,0.44,0.37,1.75,2.19,2.13,"0.12 0.25 0.50 0.69 0.44 0.00 1.00 0.37 0.31 0.44 0.37 1.75 2.19 2.13   "
"2024-11-06 05:38:00",544,12.47,19.08,0.12,0.25,0.5,0.69,0.44,0,1,0.31,0.31,0.44,0.31,1.75,2.19,2.13,"0.12 0.25 0.50 0.69 0.44 0.00 1.00 0.31 0.31 0.44 0.31 1.75 2.19 2.13   "
"2024-11-06 05:39:00",545,12.47,19.07,0.12,0.25,0.5,0.69,0.44,0,1,0.37,0.31,0.44,0.31,1.75,2.25,2.13,"0.12 0.25 0.50 0.69 0.44 0.00 1.00 0.37 0.31 0.44 0.31 1.75 2.25 2.13   "
"2024-11-06 05:40:00",546,12.47,19.06,0.12,0.25,0.5,0.75,0.44,0,1,0.37,0.31,0.44,0.37,1.75,2.25,2.19,"0.12 0.25 0.50 0.75 0.44 0.00 1.00 0.37 0.31 0.44 0.37 1.75 2.25 2.19   "
"2024-11-06 05:41:00",547,12.47,19.06,0.19,0.25,0.5,0.75,0.44,0,1,0.37,0.31,0.44,0.37,1.75,2.31,2.19,"0.19 0.25 0.50 0.75 0.44 0.00 1.00 0.37 0.31 0.44 0.37 1.75 2.31 2.19   "
"2024-11-06 05:42:00",548,12.47,19.06,0.19,0.25,0.5,0.75,0.44,0,1,0.37,0.31,0.44,0.37,1.75,2.31,2.19,"0.19 0.25 0.50 0.75 0.44 0.00 1.00 0.37 0.31 0.44 0.37 1.75 2.31 2.19   "
"2024-11-06 05:43:00",549,12.47,19.05,0.19,0.31,0.5,0.75,0.44,0,1,0.37,0.31,0.44,0.37,1.75,2.31,2.25,"0.19 0.31 0.50 0.75 0.44 0.00 1.00 0.37 0.31 0.44 0.37 1.75 2.31 2.25   "
"2024-11-06 05:44:00",550,12.47,19.05,0.19,0.31,0.5,0.75,0.5,0,1,0.44,0.31,0.44,0.37,1.81,2.38,2.25,"0.19 0.31 0.50 0.75 0.50 0.00 1.00 0.44 0.31 0.44 0.37 1.81 2.38 2.25   "
"2024-11-06 05:45:00",551,12.47,19.05,0.19,0.31,0.5,0.75,0.5,0,1,0.37,0.31,0.44,0.37,1.75,2.38,2.25,"0.19 0.31 0.50 0.75 0.50 0.00 1.00 0.37 0.31 0.44 0.37 1.75 2.38 2.25   "
"2024-11-06 05:46:00",552,12.47,19.06,0.19,0.31,0.5,0.75,0.56,0,1,0.44,0.31,0.44,0.37,1.81,2.44,2.25,"0.19 0.31 0.50 0.75 0.56 0.00 1.00 0.44 0.31 0.44 0.37 1.81 2.44 2.25   "
"2024-11-06 05:47:00",553,12.47,19.06,0.19,0.31,0.5,0.75,0.56,0,1,0.44,0.31,0.44,0.37,1.81,2.44,2.31,"0.19 0.31 0.50 0.75 0.56 0.00 1.00 0.44 0.31 0.44 0.37 1.81 2.44 2.31   "
"2024-11-06 05:48:00",554,12.47,19.07,0.19,0.31,0.5,0.75,0.56,0,1,0.37,0.31,0.44,0.31,1.81,2.5,2.31,"0.19 0.31 0.50 0.75 0.56 0.00 1.00 0.37 0.31 0.44 0.31 1.81 2.50 2.31   "
"2024-11-06 05:49:00",555,12.47,19.07,0.19,0.31,0.5,0.75,0.56,0,1,0.44,0.31,0.44,0.37,1.81,2.5,2.31,"0.19 0.31 0.50 0.75 0.56 0.00 1.00 0.44 0.31 0.44 0.37 1.81 2.50 2.31   "
"2024-11-06 05:50:00",556,12.47,19.08,0.19,0.31,0.5,0.75,0.56,0,1,0.44,0.31,0.44,0.37,1.81,2.5,2.38,"0.19 0.31 0.50 0.75 0.56 0.00 1.00 0.44 0.31 0.44 0.37 1.81 2.50 2.38   "
"2024-11-06 05:51:00",557,12.47,19.08,0.19,0.31,0.5,0.75,0.56,0,1,0.37,0.31,0.44,0.37,1.81,2.56,2.38,"0.19 0.31 0.50 0.75 0.56 0.00 1.00 0.37 0.31 0.44 0.37 1.81 2.56 2.38   "
"2024-11-06 05:52:00",558,12.47,19.09,0.19,0.31,0.5,0.75,0.63,0,1,0.44,0.31,0.44,0.37,1.81,2.56,2.38,"0.19 0.31 0.50 0.75 0.63 0.00 1.00 0.44 0.31 0.44 0.37 1.81 2.56 2.38   "
"2024-11-06 05:53:00",559,12.47,19.09,0.19,0.31,0.5,0.81,0.63,0,1,0.44,0.31,0.44,0.37,1.81,2.56,2.44,"0.19 0.31 0.50 0.81 0.63 0.00 1.00 0.44 0.31 0.44 0.37 1.81 2.56 2.44   "
"2024-11-06 05:54:00",560,12.47,19.1,0.19,0.31,0.5,0.75,0.69,0,1,0.44,0.31,0.44,0.37,1.81,2.56,2.44,"0.19 0.31 0.50 0.75 0.69 0.00 1.00 0.44 0.31 0.44 0.37 1.81 2.56 2.44   "
"2024-11-06 05:55:00",561,12.47,19.11,0.19,0.31,0.5,0.81,0.69,0,1,0.44,0.31,0.5,0.37,1.81,2.63,2.44,"0.19 0.31 0.50 0.81 0.69 0.00 1.00 0.44 0.31 0.50 0.37 1.81 2.63 2.44   "
"2024-11-06 05:56:00",562,12.47,19.11,0.19,0.31,0.5,0.81,0.75,0,1,0.44,0.31,0.5,0.37,1.81,2.63,2.44,"0.19 0.31 0.50 0.81 0.75 0.00 1.00 0.44 0.31 0.50 0.37 1.81 2.63 2.44   "
"2024-11-06 05:57:00",563,12.47,19.12,0.25,0.31,0.5,0.81,0.75,0,1,0.44,0.31,0.5,0.37,1.81,2.63,2.5,"0.25 0.31 0.50 0.81 0.75 0.00 1.00 0.44 0.31 0.50 0.37 1.81 2.63 2.50   "
"2024-11-06 05:58:00",564,12.47,19.12,0.25,0.31,0.5,0.81,0.81,0,1,0.44,0.31,0.5,0.37,1.88,2.63,2.5,"0.25 0.31 0.50 0.81 0.81 0.00 1.00 0.44 0.31 0.50 0.37 1.88 2.63 2.50   "
"2024-11-06 05:59:00",565,12.47,19.12,0.25,0.31,0.5,0.81,0.81,0,1,0.44,0.31,0.5,0.37,1.81,2.69,2.5,"0.25 0.31 0.50 0.81 0.81 0.00 1.00 0.44 0.31 0.50 0.37 1.81 2.69 2.50   "
"2024-11-06 06:00:00",566,12.47,19.12,0.25,0.31,0.5,0.81,0.81,0,1,0.44,0.31,0.5,0.37,1.88,2.69,2.5,"0.25 0.31 0.50 0.81 0.81 0.00 1.00 0.44 0.31 0.50 0.37 1.88 2.69 2.50   "
"2024-11-06 06:01:00",567,12.47,19.12,0.25,0.31,0.5,0.81,0.88,0,1,0.44,0.31,0.5,0.44,1.88,2.75,2.5,"0.25 0.31 0.50 0.81 0.88 0.00 1.00 0.44 0.31 0.50 0.44 1.88 2.75 2.50   "
"2024-11-06 06:02:00",568,12.47,19.12,0.25,0.31,0.5,0.81,0.81,0,1,0.44,0.31,0.5,0.44,1.88,2.75,2.56,"0.25 0.31 0.50 0.81 0.81 0.00 1.00 0.44 0.31 0.50 0.44 1.88 2.75 2.56   "
"2024-11-06 06:03:00",569,12.47,19.12,0.25,0.31,0.5,0.81,0.88,0,1,0.44,0.31,0.5,0.44,1.88,2.75,2.56,"0.25 0.31 0.50 0.81 0.88 0.00 1.00 0.44 0.31 0.50 0.44 1.88 2.75 2.56   "
"2024-11-06 06:04:00",570,12.47,19.12,0.25,0.31,0.5,0.81,0.88,0,1,0.5,0.31,0.5,0.44,1.88,2.81,2.56,"0.25 0.31 0.50 0.81 0.88 0.00 1.00 0.50 0.31 0.50 0.44 1.88 2.81 2.56   "
"2024-11-06 06:05:00",571,12.47,19.12,0.25,0.31,0.5,0.88,0.88,0,1,0.5,0.31,0.5,0.37,1.88,2.81,2.56,"0.25 0.31 0.50 0.88 0.88 0.00 1.00 0.50 0.31 0.50 0.37 1.88 2.81 2.56   "
"2024-11-06 06:06:00",572,12.47,19.11,0.31,0.31,0.5,0.88,0.88,0,1,0.5,0.31,0.5,0.44,1.88,2.81,2.56,"0.31 0.31 0.50 0.88 0.88 0.00 1.00 0.50 0.31 0.50 0.44 1.88 2.81 2.56   "
"2024-11-06 06:07:00",573,12.47,19.11,0.25,0.31,0.5,0.88,0.88,0,1,0.5,0.31,0.5,0.44,1.88,2.88,2.63,"0.25 0.31 0.50 0.88 0.88 0.00 1.00 0.50 0.31 0.50 0.44 1.88 2.88 2.63   "
"2024-11-06 06:08:00",574,12.47,19.1,0.25,0.31,0.5,0.88,0.94,0,1,0.5,0.31,0.56,0.44,1.88,2.88,2.63,"0.25 0.31 0.50 0.88 0.94 0.00 1.00 0.50 0.31 0.56 0.44 1.88 2.88 2.63   "
"2024-11-06 06:09:00",575,12.47,19.09,0.31,0.31,0.5,0.88,0.94,0,1,0.5,0.31,0.5,0.44,1.94,2.88,2.69,"0.31 0.31 0.50 0.88 0.94 0.00 1.00 0.50 0.31 0.50 0.44 1.94 2.88 2.69   "
"2024-11-06 06:10:00",576,12.47,19.09,0.31,0.31,0.5,0.88,0.88,0,1,0.5,0.31,0.56,0.44,1.94,2.88,2.69,"0.31 0.31 0.50 0.88 0.88 0.00 1.00 0.50 0.31 0.56 0.44 1.94 2.88 2.69   "
"2024-11-06 06:11:00",577,12.47,19.08,0.31,0.31,0.5,0.88,0.94,0,1,0.5,0.31,0.56,0.44,1.94,2.94,2.69,"0.31 0.31 0.50 0.88 0.94 0.00 1.00 0.50 0.31 0.56 0.44 1.94 2.94 2.69   "
"2024-11-06 06:12:00",578,12.47,19.07,0.25,0.31,0.5,0.88,0.88,0,1,0.5,0.31,0.56,0.44,1.94,2.94,2.69,"0.25 0.31 0.50 0.88 0.88 0.00 1.00 0.50 0.31 0.56 0.44 1.94 2.94 2.69   "
"2024-11-06 06:13:00",579,12.47,19.07,0.25,0.31,0.5,0.88,0.94,0,1,0.5,0.31,0.56,0.44,2,2.94,2.75,"0.25 0.31 0.50 0.88 0.94 0.00 1.00 0.50 0.31 0.56 0.44 2.00 2.94 2.75   "
"2024-11-06 06:14:00",580,12.47,19.06,0.25,0.31,0.5,0.94,0.94,0,1,0.5,0.31,0.56,0.44,2,3,2.75,"0.25 0.31 0.50 0.94 0.94 0.00 1.00 0.50 0.31 0.56 0.44 2.00 3.00 2.75   "
"2024-11-06 06:15:00",581,12.47,19.06,0.31,0.31,0.5,0.88,0.94,0,1,0.5,0.31,0.63,0.44,2,3,2.75,"0.31 0.31 0.50 0.88 0.94 0.00 1.00 0.50 0.31 0.63 0.44 2.00 3.00 2.75   "
"2024-11-06 06:16:00",582,12.47,19.05,0.31,0.31,0.5,0.94,0.94,0,1,0.5,0.31,0.56,0.44,2,3,2.81,"0.31 0.31 0.50 0.94 0.94 0.00 1.00 0.50 0.31 0.56 0.44 2.00 3.00 2.81   "
"2024-11-06 06:17:00",583,12.47,19.05,0.31,0.31,0.5,0.94,0.94,0,1,0.5,0.31,0.56,0.44,2.06,3,2.81,"0.31 0.31 0.50 0.94 0.94 0.00 1.00 0.50 0.31 0.56 0.44 2.06 3.00 2.81   "
"2024-11-06 06:18:00",584,12.47,19.04,0.31,0.37,0.5,0.88,0.94,0,1,0.5,0.31,0.63,0.44,2.06,3,2.81,"0.31 0.37 0.50 0.88 0.94 0.00 1.00 0.50 0.31 0.63 0.44 2.06 3.00 2.81   "
"2024-11-06 06:19:00",585,12.47,19.04,0.31,0.37,0.5,0.94,0.94,0,1,0.5,0.37,0.63,0.44,2.06,3,2.88,"0.31 0.37 0.50 0.94 0.94 0.00 1.00 0.50 0.37 0.63 0.44 2.06 3.00 2.88   "
"2024-11-06 06:20:00",586,12.47,19.04,0.37,0.31,0.5,0.94,0.88,0,1,0.5,0.31,0.63,0.44,2.06,3,2.88,"0.37 0.31 0.50 0.94 0.88 0.00 1.00 0.50 0.31 0.63 0.44 2.06 3.00 2.88   "
"2024-11-06 06:21:00",587,12.47,19.04,0.31,0.31,0.5,0.94,0.94,0,1,0.5,0.31,0.63,0.44,2.06,3,2.88,"0.31 0.31 0.50 0.94 0.94 0.00 1.00 0.50 0.31 0.63 0.44 2.06 3.00 2.88   "
"2024-11-06 06:22:00",588,12.47,19.04,0.31,0.37,1,0.94,0.94,0,1,0.5,0.31,0.63,0.44,2.06,3,2.94,"0.31 0.37 1.00 0.94 0.94 0.00 1.00 0.50 0.31 0.63 0.44 2.06 3.00 2.94   "
"2024-11-06 06:23:00",589,12.47,19.05,0.31,0.37,1,0.94,0.94,0,1,0.5,0.31,0.63,0.44,2.06,3.06,2.94,"0.31 0.37 1.00 0.94 0.94 0.00 1.00 0.50 0.31 0.63 0.44 2.06 3.06 2.94   "
"2024-11-06 06:24:00",590,12.47,19.05,0.31,0.37,1,0.94,0.94,0,1,0.5,0.31,0.63,0.44,2.06,3,3,"0.31 0.37 1.00 0.94 0.94 0.00 1.00 0.50 0.31 0.63 0.44 2.06 3.00 3.00   "
"2024-11-06 06:25:00",591,12.47,19.06,0.31,0.37,1,0.94,0.94,0,1,0.5,0.31,0.69,0.44,2.06,3,3,"0.31 0.37 1.00 0.94 0.94 0.00 1.00 0.50 0.31 0.69 0.44 2.06 3.00 3.00   "
"2024-11-06 06:26:00",592,12.47,19.06,0.37,0.31,1,0.94,0.94,0,1,0.5,0.31,0.63,0.44,2.06,3,3.06,"0.37 0.31 1.00 0.94 0.94 0.00 1.00 0.50 0.31 0.63 0.44 2.06 3.00 3.06   "
"2024-11-06 06:27:00",593,12.47,19.07,0.37,0.37,1,0.94,0.94,0,1,0.5,0.31,0.63,0.44,2.13,3,3.06,"0.37 0.37 1.00 0.94 0.94 0.00 1.00 0.50 0.31 0.63 0.44 2.13 3.00 3.06   "
"2024-11-06 06:28:00",594,12.47,19.07,0.37,0.37,1,0.94,0.94,0,1,0.5,0.31,0.63,0.5,2.13,3,3.13,"0.37 0.37 1.00 0.94 0.94 0.00 1.00 0.50 0.31 0.63 0.50 2.13 3.00 3.13   "
"2024-11-06 06:29:00",595,12.47,19.08,0.37,0.37,1,0.94,0.94,0,1,0.56,0.31,0.63,0.44,2.13,3,3.13,"0.37 0.37 1.00 0.94 0.94 0.00 1.00 0.56 0.31 0.63 0.44 2.13 3.00 3.13   "
"2024-11-06 06:30:00",596,12.47,19.09,0.37,0.37,1,1,0.94,0,1,0.56,0.31,0.63,0.5,2.13,3,3.13,"0.37 0.37 1.00 1.00 0.94 0.00 1.00 0.56 0.31 0.63 0.50 2.13 3.00 3.13   "
"2024-11-06 06:31:00",597,12.47,19.09,0.37,0.37,1,1,0.94,0,1,0.5,0.31,0.63,0.5,2.19,3.06,3.19,"0.37 0.37 1.00 1.00 0.94 0.00 1.00 0.50 0.31 0.63 0.50 2.19 3.06 3.19   "
"2024-11-06 06:32:00",598,12.47,19.1,0.37,0.37,1,1,1,0,1,0.56,0.31,0.69,0.5,2.19,3,3.19,"0.37 0.37 1.00 1.00 1.00 0.00 1.00 0.56 0.31 0.69 0.50 2.19 3.00 3.19   "
"2024-11-06 06:33:00",599,12.47,19.11,0.37,0.37,1,1,0.94,0,1,0.56,0.31,0.69,0.5,2.19,3,3.19,"0.37 0.37 1.00 1.00 0.94 0.00 1.00 0.56 0.31 0.69 0.50 2.19 3.00 3.19   "
"2024-11-06 06:34:00",600,12.47,19.12,0.44,0.37,1,1,1,0,1,0.56,0.31,0.69,0.5,2.19,3,3.25,"0.44 0.37 1.00 1.00 1.00 0.00 1.00 0.56 0.31 0.69 0.50 2.19 3.00 3.25   "
"2024-11-06 06:35:00",601,12.47,19.12,0.37,0.37,1,1,0.94,0,1,0.56,0.31,0.69,0.5,2.19,3,3.25,"0.37 0.37 1.00 1.00 0.94 0.00 1.00 0.56 0.31 0.69 0.50 2.19 3.00 3.25   "
"2024-11-06 06:36:00",602,12.47,19.13,0.44,0.37,1,1,0.94,0,1,0.56,0.31,0.69,0.5,2.19,3.06,3.31,"0.44 0.37 1.00 1.00 0.94 0.00 1.00 0.56 0.31 0.69 0.50 2.19 3.06 3.31   "
"2024-11-06 06:37:00",603,12.47,19.14,0.37,0.37,1,1,1,0,1,0.56,0.31,0.69,0.5,2.19,3.06,3.31,"0.37 0.37 1.00 1.00 1.00 0.00 1.00 0.56 0.31 0.69 0.50 2.19 3.06 3.31   "
"2024-11-06 06:38:00",604,12.47,19.14,0.44,0.37,1,1,1,0,1,0.56,0.31,0.69,0.5,2.19,3.06,3.38,"0.44 0.37 1.00 1.00 1.00 0.00 1.00 0.56 0.31 0.69 0.50 2.19 3.06 3.38   "
"2024-11-06 06:39:00",605,12.47,19.14,0.44,0.37,1,1,1,0,1,0.56,0.31,0.69,0.5,2.19,3,3.38,"0.44 0.37 1.00 1.00 1.00 0.00 1.00 0.56 0.31 0.69 0.50 2.19 3.00 3.38   "
"2024-11-06 06:40:00",606,12.47,19.14,0.44,0.37,1,1,0.94,0,1,0.56,0.31,0.75,0.5,2.19,3,3.44,"0.44 0.37 1.00 1.00 0.94 0.00 1.00 0.56 0.31 0.75 0.50 2.19 3.00 3.44   "
"2024-11-06 06:41:00",607,12.47,19.14,0.44,0.37,1,1,1,0,1,0.56,0.31,0.75,0.5,2.25,3,3.44,"0.44 0.37 1.00 1.00 1.00 0.00 1.00 0.56 0.31 0.75 0.50 2.25 3.00 3.44   "
"2024-11-06 06:42:00",608,12.47,19.14,0.44,0.37,1,1,1,0,1,0.56,0.31,0.75,0.5,2.25,3,3.5,"0.44 0.37 1.00 1.00 1.00 0.00 1.00 0.56 0.31 0.75 0.50 2.25 3.00 3.50   "
"2024-11-06 06:43:00",609,12.47,19.13,0.44,0.37,1,1.06,1,0,1,0.56,0.31,0.75,0.5,2.25,3,3.5,"0.44 0.37 1.00 1.06 1.00 0.00 1.00 0.56 0.31 0.75 0.50 2.25 3.00 3.50   "
"2024-11-06 06:44:00",610,12.47,19.13,0.44,0.37,1,1,1,0,1,0.56,0.31,0.75,0.5,2.25,3,3.5,"0.44 0.37 1.00 1.00 1.00 0.00 1.00 0.56 0.31 0.75 0.50 2.25 3.00 3.50   "
"2024-11-06 06:45:00",611,12.47,19.12,0.44,0.37,1,1.06,1,0,1,0.56,0.31,0.75,0.56,2.25,3,3.5,"0.44 0.37 1.00 1.06 1.00 0.00 1.00 0.56 0.31 0.75 0.56 2.25 3.00 3.50   "
"2024-11-06 06:46:00",612,12.47,19.12,0.5,0.37,1,1.06,1,0,1,0.56,0.31,0.81,0.5,2.25,3,3.5,"0.50 0.37 1.00 1.06 1.00 0.00 1.00 0.56 0.31 0.81 0.50 2.25 3.00 3.50   "
"2024-11-06 06:47:00",613,12.47,19.11,0.5,0.37,1,1.06,1,0,1,0.63,0.31,0.81,0.56,2.25,3,3.5,"0.50 0.37 1.00 1.06 1.00 0.00 1.00 0.63 0.31 0.81 0.56 2.25 3.00 3.50   "
"2024-11-06 06:48:00",614,12.47,19.1,0.5,0.37,1,1.06,1,0,1,0.63,0.31,0.81,0.56,2.25,3.06,3.56,"0.50 0.37 1.00 1.06 1.00 0.00 1.00 0.63 0.31 0.81 0.56 2.25 3.06 3.56   "
"2024-11-06 06:49:00",615,12.47,19.1,0.5,0.37,1,1.06,1,0,1,0.63,0.31,0.81,0.56,2.25,3.06,3.56,"0.50 0.37 1.00 1.06 1.00 0.00 1.00 0.63 0.31 0.81 0.56 2.25 3.06 3.56   "
"2024-11-06 06:50:00",616,12.47,19.09,0.5,0.44,1,1.06,1,0,1,0.56,0.31,0.81,0.5,2.31,3.06,3.56,"0.50 0.44 1.00 1.06 1.00 0.00 1.00 0.56 0.31 0.81 0.50 2.31 3.06 3.56   "
"2024-11-06 06:51:00",617,12.47,19.08,0.5,0.44,1,1.06,1,0,1,0.63,0.31,0.81,0.56,2.25,3.06,3.56,"0.50 0.44 1.00 1.06 1.00 0.00 1.00 0.63 0.31 0.81 0.56 2.25 3.06 3.56   "
"2024-11-06 06:52:00",618,12.47,19.08,0.5,0.44,1,1.06,1,0,1,0.63,0.31,0.81,0.56,2.31,3.06,3.56,"0.50 0.44 1.00 1.06 1.00 0.00 1.00 0.63 0.31 0.81 0.56 2.31 3.06 3.56   "
"2024-11-06 06:53:00",619,12.47,19.08,0.5,0.44,1,1.06,1,0,1,0.63,0.31,0.88,0.56,2.31,3.06,3.5,"0.50 0.44 1.00 1.06 1.00 0.00 1.00 0.63 0.31 0.88 0.56 2.31 3.06 3.50   "
"2024-11-06 06:54:00",620,12.47,19.08,0.56,0.44,1,1.06,1,0,1,0.63,0.31,0.88,0.56,2.31,3.13,3.5,"0.56 0.44 1.00 1.06 1.00 0.00 1.00 0.63 0.31 0.88 0.56 2.31 3.13 3.50   "
"2024-11-06 06:55:00",621,12.47,19.07,0.5,0.37,1,1.06,1,0,1,0.63,0.31,0.81,0.56,2.31,3.06,3.5,"0.50 0.37 1.00 1.06 1.00 0.00 1.00 0.63 0.31 0.81 0.56 2.31 3.06 3.50   "
"2024-11-06 06:56:00",622,12.47,19.08,0.56,0.37,1,1.12,1.06,0,1,0.63,0.31,0.88,0.56,2.31,3.13,3.5,"0.56 0.37 1.00 1.12 1.06 0.00 1.00 0.63 0.31 0.88 0.56 2.31 3.13 3.50   "
"2024-11-06 06:57:00",623,12.47,19.08,0.56,0.44,1,1.06,1,0,1,0.63,0.31,0.88,0.56,2.31,3.13,3.5,"0.56 0.44 1.00 1.06 1.00 0.00 1.00 0.63 0.31 0.88 0.56 2.31 3.13 3.50   "
"2024-11-06 06:58:00",624,12.47,19.08,0.56,0.44,1,1.12,1,0,1,0.63,0.31,0.88,0.56,2.31,3.13,3.5,"0.56 0.44 1.00 1.12 1.00 0.00 1.00 0.63 0.31 0.88 0.56 2.31 3.13 3.50   "
"2024-11-06 06:59:00",625,12.47,19.08,0.56,0.44,1,1.12,1.06,0,1,0.63,0.37,0.88,0.63,2.31,3.13,3.56,"0.56 0.44 1.00 1.12 1.06 0.00 1.00 0.63 0.37 0.88 0.63 2.31 3.13 3.56   "
"2024-11-06 07:00:00",626,12.47,19.09,0.56,0.44,1,1.12,1.06,0,1,0.63,0.31,0.94,0.56,2.31,3.13,3.56,"0.56 0.44 1.00 1.12 1.06 0.00 1.00 0.63 0.31 0.94 0.56 2.31 3.13 3.56   "
"2024-11-06 07:01:00",627,12.47,19.09,0.56,0.44,1,1.12,1.06,0,1,0.69,0.31,0.94,0.56,2.31,3.13,3.56,"0.56 0.44 1.00 1.12 1.06 0.00 1.00 0.69 0.31 0.94 0.56 2.31 3.13 3.56   "
"2024-11-06 07:02:00",628,12.47,19.1,0.56,0.44,1,1.12,1.06,0,1,0.63,0.31,0.88,0.56,2.31,3.13,3.63,"0.56 0.44 1.00 1.12 1.06 0.00 1.00 0.63 0.31 0.88 0.56 2.31 3.13 3.63   "
"2024-11-06 07:03:00",629,12.47,19.11,0.63,0.44,1,1.12,1.06,0,1,0.63,0.31,0.94,0.63,2.31,3.13,3.63,"0.63 0.44 1.00 1.12 1.06 0.00 1.00 0.63 0.31 0.94 0.63 2.31 3.13 3.63   "
"2024-11-06 07:04:00",630,12.47,19.12,0.56,0.44,1,1.12,1.06,0,1,0.69,0.31,0.94,0.63,2.38,3.13,3.63,"0.56 0.44 1.00 1.12 1.06 0.00 1.00 0.69 0.31 0.94 0.63 2.38 3.13 3.63   "
"2024-11-06 07:05:00",631,12.47,19.13,0.56,0.44,1,1.12,1.06,0,1,0.69,0.31,0.94,0.63,2.38,3.13,3.63,"0.56 0.44 1.00 1.12 1.06 0.00 1.00 0.69 0.31 0.94 0.63 2.38 3.13 3.63   "
"2024-11-06 07:06:00",632,12.47,19.14,0.63,0.44,1,1.19,1.06,0,1,0.69,0.37,0.94,0.63,2.38,3.13,3.63,"0.63 0.44 1.00 1.19 1.06 0.00 1.00 0.69 0.37 0.94 0.63 2.38 3.13 3.63   "
"2024-11-06 07:07:00",633,12.47,19.15,0.56,0.44,1,1.12,1.06,0,1,0.69,0.31,0.94,0.63,2.38,3.19,3.69,"0.56 0.44 1.00 1.12 1.06 0.00 1.00 0.69 0.31 0.94 0.63 2.38 3.19 3.69   "
"2024-11-06 07:08:00",634,12.47,19.16,0.63,0.44,1,1.12,1.06,0,1,0.69,0.31,0.94,0.63,2.38,3.19,3.75,"0.63 0.44 1.00 1.12 1.06 0.00 1.00 0.69 0.31 0.94 0.63 2.38 3.19 3.75   "
"2024-11-06 07:09:00",635,12.47,19.17,0.63,0.44,1,1.12,1.06,0,1,0.69,0.31,0.94,0.63,2.38,3.19,3.75,"0.63 0.44 1.00 1.12 1.06 0.00 1.00 0.69 0.31 0.94 0.63 2.38 3.19 3.75   "
"2024-11-06 07:10:00",636,12.47,19.17,0.63,0.44,1,1.12,1.06,0,1,0.69,0.37,0.94,0.63,2.38,3.19,3.75,"0.63 0.44 1.00 1.12 1.06 0.00 1.00 0.69 0.37 0.94 0.63 2.38 3.19 3.75   "
"2024-11-06 07:11:00",637,12.47,19.18,0.63,0.44,1,1.19,1.06,0,1,0.69,0.37,1,0.63,2.38,3.25,3.75,"0.63 0.44 1.00 1.19 1.06 0.00 1.00 0.69 0.37 1.00 0.63 2.38 3.25 3.75   "
"2024-11-06 07:12:00",638,12.47,19.19,0.63,0.5,1,1.19,1.06,0,1,0.69,0.37,1,0.63,2.44,3.25,3.75,"0.63 0.50 1.00 1.19 1.06 0.00 1.00 0.69 0.37 1.00 0.63 2.44 3.25 3.75   "
"2024-11-06 07:13:00",639,12.47,19.2,0.69,0.44,1,1.19,1.06,0,1,0.69,0.31,1,0.63,2.44,3.25,3.81,"0.69 0.44 1.00 1.19 1.06 0.00 1.00 0.69 0.31 1.00 0.63 2.44 3.25 3.81   "
"2024-11-06 07:14:00",640,12.47,19.2,0.69,0.44,1,1.19,1.12,0,1,0.69,0.37,1,0.63,2.44,3.25,3.81,"0.69 0.44 1.00 1.19 1.12 0.00 1.00 0.69 0.37 1.00 0.63 2.44 3.25 3.81   "
"2024-11-06 07:15:00",641,12.47,19.2,0.69,0.44,1,1.19,1.06,0,1,0.69,0.37,1.06,0.69,2.44,3.25,3.88,"0.69 0.44 1.00 1.19 1.06 0.00 1.00 0.69 0.37 1.06 0.69 2.44 3.25 3.88   "
"2024-11-06 07:16:00",642,12.47,19.2,0.69,0.44,1,1.19,1.06,0,1,0.69,0.31,1.06,0.63,2.44,3.31,3.81,"0.69 0.44 1.00 1.19 1.06 0.00 1.00 0.69 0.31 1.06 0.63 2.44 3.31 3.81   "
"2024-11-06 07:17:00",643,12.47,19.19,0.69,0.44,1,1.19,1.12,0,1,0.69,0.37,1,0.63,2.44,3.31,3.88,"0.69 0.44 1.00 1.19 1.12 0.00 1.00 0.69 0.37 1.00 0.63 2.44 3.31 3.88   "
"2024-11-06 07:18:00",644,12.47,19.19,0.69,0.44,1,1.19,1.06,0,1,0.75,0.37,1.06,0.63,2.44,3.31,3.94,"0.69 0.44 1.00 1.19 1.06 0.00 1.00 0.75 0.37 1.06 0.63 2.44 3.31 3.94   "
"2024-11-06 07:19:00",645,12.47,19.18,0.75,0.5,1,1.19,1.06,0,1,0.75,0.37,1.06,0.69,2.44,3.31,3.94,"0.75 0.50 1.00 1.19 1.06 0.00 1.00 0.75 0.37 1.06 0.69 2.44 3.31 3.94   "
"2024-11-06 07:20:00",646,12.47,19.17,0.69,0.5,1,1.19,1.12,0,1,0.69,0.37,1.06,0.69,2.44,3.31,4,"0.69 0.50 1.00 1.19 1.12 0.00 1.00 0.69 0.37 1.06 0.69 2.44 3.31 4.00   "
"2024-11-06 07:21:00",647,12.47,19.16,0.75,0.44,1,1.19,1.12,0,1,0.69,0.37,1.06,0.69,2.5,3.38,4,"0.75 0.44 1.00 1.19 1.12 0.00 1.00 0.69 0.37 1.06 0.69 2.50 3.38 4.00   "
"2024-11-06 07:22:00",648,12.47,19.16,0.75,0.5,1,1.19,1.12,0,1,0.75,0.37,1.12,0.69,2.5,3.38,4.06,"0.75 0.50 1.00 1.19 1.12 0.00 1.00 0.75 0.37 1.12 0.69 2.50 3.38 4.06   "
"2024-11-06 07:23:00",649,12.47,19.15,0.75,0.44,1,1.19,1.12,0,1,0.75,0.31,1.12,0.69,2.5,3.44,4.13,"0.75 0.44 1.00 1.19 1.12 0.00 1.00 0.75 0.31 1.12 0.69 2.50 3.44 4.13   "
"2024-11-06 07:24:00",650,12.47,19.14,0.75,0.5,1,1.19,1.12,0,1,0.75,0.31,1.19,0.69,2.5,3.44,4.13,"0.75 0.50 1.00 1.19 1.12 0.00 1.00 0.75 0.31 1.19 0.69 2.50 3.44 4.13   "
"2024-11-06 07:25:00",651,12.47,19.13,0.75,0.5,1,1.25,1.12,0,1,0.75,0.37,1.19,0.69,2.56,3.44,4.13,"0.75 0.50 1.00 1.25 1.12 0.00 1.00 0.75 0.37 1.19 0.69 2.56 3.44 4.13   "
"2024-11-06 07:26:00",652,12.47,19.12,0.75,0.5,1,1.19,1.12,0,1,0.75,0.31,1.19,0.69,2.5,3.5,4.19,"0.75 0.50 1.00 1.19 1.12 0.00 1.00 0.75 0.31 1.19 0.69 2.50 3.50 4.19   "
"2024-11-06 07:27:00",653,12.47,19.12,0.75,0.5,1,1.19,1.12,0,1,0.75,0.37,1.19,0.75,2.56,3.5,4.19,"0.75 0.50 1.00 1.19 1.12 0.00 1.00 0.75 0.37 1.19 0.75 2.56 3.50 4.19   "
"2024-11-06 07:28:00",654,12.47,19.12,0.81,0.5,1,1.25,1.12,0,1,0.75,0.37,1.25,0.75,2.56,3.56,4.19,"0.81 0.50 1.00 1.25 1.12 0.00 1.00 0.75 0.37 1.25 0.75 2.56 3.56 4.19   "
"2024-11-06 07:29:00",655,12.47,19.11,0.81,0.5,1,1.25,1.12,0,1,0.75,0.37,1.25,0.69,2.56,3.56,4.25,"0.81 0.50 1.00 1.25 1.12 0.00 1.00 0.75 0.37 1.25 0.69 2.56 3.56 4.25   "
"2024-11-06 07:30:00",656,12.47,19.11,0.81,0.5,1,1.25,1.12,0,1,0.75,0.37,1.31,0.69,2.56,3.63,4.25,"0.81 0.50 1.00 1.25 1.12 0.00 1.00 0.75 0.37 1.31 0.69 2.56 3.63 4.25   "
"2024-11-06 07:31:00",657,12.47,19.11,0.81,0.5,1,1.25,1.12,0,1,0.75,0.37,1.31,0.75,2.56,3.63,4.25,"0.81 0.50 1.00 1.25 1.12 0.00 1.00 0.75 0.37 1.31 0.75 2.56 3.63 4.25   "
"2024-11-06 07:32:00",658,12.47,19.11,0.81,0.5,1,1.25,1.12,0,1,0.75,0.37,1.37,0.75,2.56,3.63,4.25,"0.81 0.50 1.00 1.25 1.12 0.00 1.00 0.75 0.37 1.37 0.75 2.56 3.63 4.25   "
"2024-11-06 07:33:00",659,12.47,19.11,0.81,0.5,1,1.25,1.19,0,1.5,0.75,0.31,1.37,0.75,2.63,3.69,4.25,"0.81 0.50 1.00 1.25 1.19 0.00 1.50 0.75 0.31 1.37 0.75 2.63 3.69 4.25   "
"2024-11-06 07:34:00",660,12.47,19.12,0.81,0.5,1,1.25,1.12,0,1,0.75,0.37,1.37,0.75,2.63,3.69,4.31,"0.81 0.50 1.00 1.25 1.12 0.00 1.00 0.75 0.37 1.37 0.75 2.63 3.69 4.31   "
"2024-11-06 07:35:00",661,12.47,19.12,0.88,0.5,1,1.25,1.12,0,1.5,0.81,0.37,1.44,0.75,2.63,3.69,4.31,"0.88 0.50 1.00 1.25 1.12 0.00 1.50 0.81 0.37 1.44 0.75 2.63 3.69 4.31   "
"2024-11-06 07:36:00",662,12.47,19.13,0.81,0.5,1,1.25,1.19,0,1,0.75,0.37,1.44,0.75,2.63,3.69,4.31,"0.81 0.50 1.00 1.25 1.19 0.00 1.00 0.75 0.37 1.44 0.75 2.63 3.69 4.31   "
"2024-11-06 07:37:00",663,12.47,19.14,0.88,0.5,1,1.25,1.12,0,1.5,0.75,0.37,1.5,0.75,2.63,3.69,4.31,"0.88 0.50 1.00 1.25 1.12 0.00 1.50 0.75 0.37 1.50 0.75 2.63 3.69 4.31   "
"2024-11-06 07:38:00",664,12.47,19.14,0.88,0.5,1,1.25,1.12,0,1.5,0.81,0.31,1.5,0.75,2.69,3.75,4.31,"0.88 0.50 1.00 1.25 1.12 0.00 1.50 0.81 0.31 1.50 0.75 2.69 3.75 4.31   "
"2024-11-06 07:39:00",665,12.47,19.15,0.88,0.5,1,1.31,1.19,0,1.5,0.81,0.37,1.56,0.75,2.69,3.69,4.38,"0.88 0.50 1.00 1.31 1.19 0.00 1.50 0.81 0.37 1.56 0.75 2.69 3.69 4.38   "
"2024-11-06 07:40:00",666,12.47,19.16,0.88,0.5,1,1.31,1.19,0,1.5,0.81,0.37,1.56,0.81,2.69,3.69,4.38,"0.88 0.50 1.00 1.31 1.19 0.00 1.50 0.81 0.37 1.56 0.81 2.69 3.69 4.38   "
"2024-11-06 07:41:00",667,12.47,19.16,0.88,0.56,1,1.31,1.12,0,1.5,0.81,0.37,1.63,0.81,2.75,3.69,4.38,"0.88 0.56 1.00 1.31 1.12 0.00 1.50 0.81 0.37 1.63 0.81 2.75 3.69 4.38   "
"2024-11-06 07:42:00",668,12.47,19.17,0.88,0.56,1,1.31,1.19,0,1.5,0.81,0.31,1.63,0.81,2.75,3.69,4.38,"0.88 0.56 1.00 1.31 1.19 0.00 1.50 0.81 0.31 1.63 0.81 2.75 3.69 4.38   "
"2024-11-06 07:43:00",669,12.47,19.17,0.88,0.5,1,1.31,1.19,0,1.5,0.75,0.37,1.63,0.81,2.75,3.75,4.38,"0.88 0.50 1.00 1.31 1.19 0.00 1.50 0.75 0.37 1.63 0.81 2.75 3.75 4.38   "
"2024-11-06 07:44:00",670,12.47,19.18,0.88,0.5,1,1.25,1.19,0,1.5,0.81,0.37,1.69,0.81,2.81,3.69,4.38,"0.88 0.50 1.00 1.25 1.19 0.00 1.50 0.81 0.37 1.69 0.81 2.81 3.69 4.38   "
"2024-11-06 07:45:00",671,12.47,19.18,0.88,0.56,1,1.31,1.19,0,1.5,0.81,0.37,1.69,0.81,2.81,3.75,4.44,"0.88 0.56 1.00 1.31 1.19 0.00 1.50 0.81 0.37 1.69 0.81 2.81 3.75 4.44   "
"2024-11-06 07:46:00",672,12.47,19.19,0.88,0.5,1,1.31,1.19,0,1.5,0.81,0.37,1.75,0.81,2.81,3.69,4.44,"0.88 0.50 1.00 1.31 1.19 0.00 1.50 0.81 0.37 1.75 0.81 2.81 3.69 4.44   "
"2024-11-06 07:47:00",673,12.47,19.2,0.88,0.56,1,1.25,1.19,0,1.5,0.81,0.37,1.75,0.81,2.88,3.69,4.44,"0.88 0.56 1.00 1.25 1.19 0.00 1.50 0.81 0.37 1.75 0.81 2.88 3.69 4.44   "
"2024-11-06 07:48:00",674,12.47,19.21,0.88,0.56,1,1.31,1.19,0,1.5,0.81,0.37,1.81,0.81,2.88,3.69,4.5,"0.88 0.56 1.00 1.31 1.19 0.00 1.50 0.81 0.37 1.81 0.81 2.88 3.69 4.50   "
"2024-11-06 07:49:00",675,12.47,19.21,0.88,0.56,1,1.31,1.19,0,1.5,0.81,0.37,1.81,0.88,2.88,3.69,4.5,"0.88 0.56 1.00 1.31 1.19 0.00 1.50 0.81 0.37 1.81 0.88 2.88 3.69 4.50   "
"2024-11-06 07:50:00",676,12.47,19.22,0.88,0.56,1,1.31,1.12,0,1.5,0.81,0.37,1.81,0.81,2.94,3.75,4.5,"0.88 0.56 1.00 1.31 1.12 0.00 1.50 0.81 0.37 1.81 0.81 2.94 3.75 4.50   "
"2024-11-06 07:51:00",677,12.47,19.22,0.94,0.56,1,1.31,1.19,0,1.5,0.81,0.37,1.81,0.88,2.94,3.75,4.56,"0.94 0.56 1.00 1.31 1.19 0.00 1.50 0.81 0.37 1.81 0.88 2.94 3.75 4.56   "
"2024-11-06 07:52:00",678,12.47,19.22,0.88,0.56,1,1.31,1.19,0,1.5,0.81,0.37,1.88,0.88,3,3.75,4.56,"0.88 0.56 1.00 1.31 1.19 0.00 1.50 0.81 0.37 1.88 0.88 3.00 3.75 4.56   "
"2024-11-06 07:53:00",679,12.47,19.22,0.94,0.56,1,1.31,1.19,0,1.5,0.88,0.37,1.94,1,3,3.81,4.56,"0.94 0.56 1.00 1.31 1.19 0.00 1.50 0.88 0.37 1.94 1.00 3.00 3.81 4.56   "
